result,23661552958,0.8291788472192666
left,birthmark,bzip2-1.0.3,/Users/tamada/researches/2026snpd_tamada_experiments/experiments/experiment0/executables/bzip2-1.0.3,op-seq,2026-04-17T04:57:16.349313+00:00,1592375
right,birthmark,bzip2-1.0.1,/Users/tamada/researches/2026snpd_tamada_experiments/experiments/experiment0/executables/bzip2-1.0.1,op-seq,2026-04-17T04:57:54.745901+00:00,4045000
matrix,,entry,_mySIGSEGVorSIGBUScatcher,_addFlagsFromEnvVar,_snocString,_usage,_mySignalCatcher,_compress,_uncompress,_testf,_showFileNames,_cleanUpAndFail,_cadvise,_outOfMemory,_panic,_setInterimPermissions,_pad,_copyDatePermissionsAndOwner,_uInt64_toAscii,_configError,_crcError,_OUTLINED_FUNCTION_0,_OUTLINED_FUNCTION_1,_BZ2_blockSort,_fallbackSort,_mainGtU,_BZ2_hbMakeCodeLengths,_BZ2_hbAssignCodes,_BZ2_hbCreateDecodeTables,_BZ2_bsInitWrite,_BZ2_compressBlock,_bsPutUInt32,_BZ2_decompress,_BZ2_bzlibVersion,_BZ2_bzCompressInit,_default_bzalloc,_default_bzfree,_BZ2_bzCompress,_handle_compress,_BZ2_bzCompressEnd,_BZ2_bzDecompressInit,_BZ2_indexIntoF,_BZ2_bzDecompress,_BZ2_bzDecompressEnd,_BZ2_bzWriteOpen,_BZ2_bzWrite,_BZ2_bzWriteClose,_BZ2_bzWriteClose64,_BZ2_bzReadOpen,_BZ2_bzReadClose,_BZ2_bzRead,_BZ2_bzReadGetUnused,_BZ2_bzBuffToBuffCompress,_BZ2_bzBuffToBuffDecompress,_BZ2_bzopen,_bzopen_or_bzdopen,_BZ2_bzdopen,_BZ2_bzread,_BZ2_bzwrite,_BZ2_bzflush,_BZ2_bzclose,_BZ2_bzerror,_add_pair_to_block,_ioError,_compressedStreamEOF,_main.cold.2,_main.cold.3,_BZ2_bz__AssertH__fail
0,_fopen_output_safely,0.007053542802180186,0.8077669902912621,0.03601895734597156,0.05694831321572268,0.025340513145391194,0.006414368184733804,0.007692307692307693,0.5710825865827077,0.6103583639356718,0.5792282430213465,0.009606147934678195,0.12920673076923078,0.008968609865470852,0.009606147934678195,0.009606147934678195,0.010243277848911651,0.011516314779270634,0.029169308814204185,0.008968609865470852,0.0012861736334405145,0.5037427224840588,0.2354290959155576,0.08725212464589235,0.17251700680272108,0.022864401397268974,0.056338028169014086,0.002570694087403599,0.279657125363539,0.049175412293853075,0.31746335855924895,0.0012861736334405145,0.05208021550434002,0.0012853470437017994,0.0032123353678123997,0.06386245010746085,0.09508373851971907,0.029067930489731438,0.032015065913371,0.012132822477650063,0.1858562244301578,0.029067930489731438,0.04122423485321674,0.053135619400679644,0.0012861736334405145,0.08396946564885496,0.05010825858335911,0.04423676012461059,0.06200607902735562,0.0253324889170361,0.16185301687160422,0.17918088737201365,0.0019286403085824494,0.17725847819891707,0.0019286403085824494,0.010873041253597697,0.005774783445620789,0.0012861736334405145,0.07305095150399017,0.007046764894298526,0.04847016055740685,0.011516314779270634,0.0032123353678123997,0.0032123353678123997,0.007692307692307693,0.011516314779270634,0,0
1,entry,0.23529411764705882,0.0364333652924257,1,0.34444444444444444,0.3018867924528302,0.29850746268656714,0.34782608695652173,0.02189360476281928,0.02352455633512175,0.06260296540362438,0.3055555555555556,0.36101083032490977,0.39436619718309857,0.4166666666666667,0.4166666666666667,0.3835616438356164,0.48,0.6601941747572816,0.39436619718309857,0.06779661016949153,0.0269036752342061,0.08416220351951033,0.10438413361169102,0.16346153846153846,0.32653061224489793,0.16083916083916083,0.06557377049180328,0.010983524712930605,0.07746478873239436,0.01488900920411478,0.06779661016949153,0.11724137931034483,0.06557377049180328,0.16129032258064516,0.17475728155339806,0.07680491551459294,0.24561403508771928,0.17777777777777778,0.2962962962962963,0.04803073967339097,0.24561403508771928,0.23841059602649006,0.22580645161290322,0.06779661016949153,0.15211267605633802,0.1978021978021978,0.1509433962264151,0.18410041841004185,0.205607476635514,0.18834080717488788,0.17634408602150536,0.06666666666666667,0.22270742358078602,0.06666666666666667,0.3157894736842105,0.24242424242424243,0.06779661016949153,0.34782608695652173,0.11267605633802817,0.088,0.48,0.16129032258064516,0.16129032258064516,0.34782608695652173,0.4266666666666667,0,0
2,_mySIGSEGVorSIGBUScatcher,0.08208955223880597,0.09312105737458697,0.24203821656050956,0.47368421052631576,0.20261437908496732,0.0749063670411985,0.08178438661710037,0.05881265026817089,0.06143479984145858,0.12864918357248886,0.10294117647058823,0.2976939203354298,0.08856088560885608,0.09558823529411764,0.09558823529411764,0.10256410256410256,0.10909090909090909,0.21782178217821782,0.0959409594095941,0.015444015444015444,0.09397203758881503,0.2402123424021234,0.24153166421207659,0.36893203883495146,0.2214765100671141,0.3292181069958848,0.03065134099616858,0.043073910915320604,0.256198347107438,0.06220347917764892,0.015444015444015444,0.3224489795918367,0.03065134099616858,0.030534351145038167,0.33497536945812806,0.27497062279670975,0.24203821656050956,0.25671641791044775,0.15658362989323843,0.1796669588080631,0.24203821656050956,0.2792022792022792,0.2849740932642487,0.015444015444015444,0.2882882882882883,0.3089005235602094,0.27298050139275765,0.2870159453302961,0.20195439739413681,0.3126934984520124,0.28270676691729324,0.015384615384615385,0.3252279635258359,0.015384615384615385,0.13043478260869565,0.06766917293233082,0.015444015444015444,0.33906633906633904,0.08856088560885608,0.25333333333333335,0.10909090909090909,0.03816793893129771,0.03816793893129771,0.08178438661710037,0.10909090909090909,0,0
3,_addFlagsFromEnvVar,0.19753086419753085,0.03946530872056015,0.5039370078740157,0.34196891191709844,0.7226890756302521,0.25,0.2682926829268293,0.023371647509578545,0.025519654249845647,0.06324972737186478,0.25882352941176473,0.2689655172413793,0.2619047619047619,0.32941176470588235,0.32941176470588235,0.3023255813953488,0.38636363636363635,0.4827586206896552,0.2857142857142857,0.05555555555555555,0.02921455938697318,0.09090909090909091,0.10569105691056911,0.16326530612244897,0.25225225225225223,0.1939799331103679,0.10810810810810811,0.013562026326286399,0.13468013468013468,0.017024726388325903,0.05555555555555555,0.15841584158415842,0.08108108108108109,0.13333333333333333,0.2465753424657534,0.10542168674698796,0.28346456692913385,0.22972972972972974,0.2553191489361702,0.05441527446300716,0.28346456692913385,0.3048780487804878,0.271356783919598,0.05555555555555555,0.1956521739130435,0.28717948717948716,0.2441860465116279,0.2698412698412698,0.35,0.16993464052287582,0.16317991631799164,0.0821917808219178,0.21231422505307856,0.0821917808219178,0.2696629213483146,0.20253164556962025,0.05555555555555555,0.32727272727272727,0.11904761904761904,0.16730038022813687,0.38636363636363635,0.13333333333333333,0.13333333333333333,0.2682926829268293,0.29545454545454547,0,0
4,_snocString,0.38095238095238093,0.006489292667099286,0.29850746268656714,0.15037593984962405,0.23728813559322035,1,0.7272727272727273,0.003875968992248062,0.004167534903104814,0.011273957158962795,0.64,0.08695652173913043,0.75,0.64,0.64,0.6923076923076923,0.5714285714285714,0.35714285714285715,0.6666666666666666,0.3333333333333333,0.004859086491739553,0.015873015873015872,0.027777777777777776,0.03466204506065858,0.1568627450980392,0.0502092050209205,0.2857142857142857,0.0020064205457463883,0.02531645569620253,0.0027244244653316986,0.3333333333333333,0.0411522633744856,0.2857142857142857,0.26666666666666666,0.07547169811320754,0.023178807947019868,0.1791044776119403,0.11363636363636363,0.29411764705882354,0.008845208845208846,0.1791044776119403,0.11538461538461539,0.10071942446043165,0.3333333333333333,0.045454545454545456,0.1037037037037037,0.07142857142857142,0.08333333333333333,0.1,0.040100250626566414,0.0430622009569378,0.3076923076923077,0.04866180048661801,0.3076923076923077,0.4827586206896552,0.5263157894736842,0.3333333333333333,0.1125,0.25,0.03940886699507389,0.5714285714285714,0.5333333333333333,0.5333333333333333,0.7272727272727273,0.6428571428571429,0,0
5,_usage,0.2608695652173913,0.007782101167315175,0.34782608695652173,0.14814814814814814,0.19672131147540983,0.7272727272727273,1,0.004649360712901976,0.0049989585503020205,0.013513513513513514,0.6666666666666666,0.10344827586206896,0.6923076923076923,0.8888888888888888,0.8888888888888888,0.8571428571428571,0.8,0.41379310344827586,0.6923076923076923,0.2857142857142857,0.005828071879553181,0.01901743264659271,0.02304147465437788,0.04145077720207254,0.1509433962264151,0.04979253112033195,0.25,0.002407221664994985,0.02510460251046025,0.0029960506604929864,0.2857142857142857,0.04897959183673469,0.25,0.23529411764705882,0.07453416149068323,0.019801980198019802,0.17391304347826086,0.1111111111111111,0.2777777777777778,0.009818360333824251,0.17391304347826086,0.11320754716981132,0.09929078014184398,0.2857142857142857,0.05161290322580645,0.08759124087591241,0.07017543859649122,0.07216494845360824,0.0967741935483871,0.04987531172069826,0.047619047619047616,0.26666666666666666,0.05811138014527845,0.26666666666666666,0.45161290322580644,0.47619047619047616,0.2857142857142857,0.12345679012345678,0.23076923076923078,0.03902439024390244,0.8,0.47058823529411764,0.47058823529411764,1,0.6666666666666666,0,0
6,_mySignalCatcher,0.005113900511390051,0.6339807143827244,0.02621895124195032,0.03715450838241957,0.017050691244239632,0.0046500813764240876,0.005577504066930049,0.7956784238957737,0.7517621145374449,0.49843104872006605,0.006967022758941012,0.09532254489026823,0.0065040650406504065,0.006967022758941012,0.006967022758941012,0.007429765498026469,0.008354606637270829,0.021212819921604797,0.0065040650406504065,0.0009317493594223154,0.4489698701917351,0.17541959935029777,0.05516656057712709,0.12103746397694524,0.014773776546629732,0.03672566371681416,0.0013969732246798604,0.27398413923784126,0.03054448871181939,0.2973670624677336,0.0009317493594223154,0.033156498673740056,0.0013969732246798604,0.0023277467411545625,0.04099099099099099,0.06305015353121801,0.020699172033118676,0.02059967956054017,0.008342989571263035,0.1390120329322356,0.020699172033118676,0.026909920182440136,0.03665158371040724,0.0009317493594223154,0.05796469819132709,0.03306159420289855,0.027771454586842704,0.0447127207690588,0.01520387007601935,0.11153846153846154,0.13151734411576932,0.0013972985561248254,0.12617220801364024,0.0013972985561248254,0.00788863109048724,0.004186046511627907,0.0009317493594223154,0.04908804323350597,0.003716608594657375,0.031222123104371096,0.008354606637270829,0.0023277467411545625,0.0023277467411545625,0.005577504066930049,0.008354606637270829,0,0
7,_compress,0.005314009661835749,0.6587973892514929,0.027233635929288104,0.04421448730009407,0.019147917663954045,0.004832085044696787,0.005795701521371649,0.6882207134389482,0.7611572101368019,0.5481079246563719,0.00723938223938224,0.09979305587491377,0.006758387641805455,0.00723938223938224,0.00723938223938224,0.007720144752714113,0.008680974198215577,0.022035928143712576,0.006758387641805455,0.0009682885499878964,0.4570734669095325,0.20115263060048336,0.07075368050977807,0.13756388415672913,0.016786570743405275,0.055530059660394676,0.0019356399709654004,0.28806701213885144,0.04269972451790634,0.3240837696335079,0.0009682885499878964,0.055937643282897756,0.0014517299782240503,0.0024189646831156266,0.05049088359046283,0.08045733643870422,0.022455805064500716,0.027097694318992158,0.00963159162051529,0.16282092947676308,0.022455805064500716,0.0326781908595785,0.046031000469704084,0.0009682885499878964,0.07454257962502824,0.039492242595204514,0.03592531316473647,0.05520760844351658,0.01866475233309404,0.12837538733953077,0.14502975534494159,0.001452081316553727,0.13995584988962473,0.001452081316553727,0.008678881388621022,0.0043499275012083135,0.0009682885499878964,0.057957466697826594,0.005310161718561429,0.04072188801480796,0.008680974198215577,0.0024189646831156266,0.0024189646831156266,0.005795701521371649,0.008680974198215577,0,0
8,_uncompress,0.012903225806451613,0.5568610994544692,0.06510565391205025,0.09686296092460099,0.042455536431440045,0.011737089201877934,0.01406799531066823,0.40561075394506135,0.4423877834335956,0.7536148062463852,0.017554125219426564,0.2225705329153605,0.01639344262295082,0.017554125219426564,0.017554125219426564,0.01871345029239766,0.02102803738317757,0.052873563218390804,0.01639344262295082,0.0023584905660377358,0.39620689655172414,0.3077445652173913,0.1275992438563327,0.25210084033613445,0.03919308357348703,0.11128445137805512,0.004711425206124852,0.22330930312392722,0.0864133263925039,0.2794459833795014,0.0023584905660377358,0.10897768552153607,0.002355712603062426,0.005885815185403178,0.10743353228431904,0.14335664335664336,0.05025699600228441,0.062076749435665914,0.02211874272409779,0.2328582952406561,0.05025699600228441,0.07046979865771812,0.09764125068568294,0.0023584905660377358,0.13253012048192772,0.0879604178119846,0.0801781737193764,0.11194029850746269,0.04472477064220184,0.25540086413826213,0.2882968601332065,0.0035356511490866236,0.27875894988066824,0.0035356511490866236,0.021015761821366025,0.010569583088667059,0.0023584905660377358,0.12147505422993492,0.01288056206088993,0.08161102278749338,0.02102803738317757,0.005885815185403178,0.005885815185403178,0.01406799531066823,0.02102803738317757,0,0
9,_testf,0.3076923076923077,0.009718172983479106,0.3055555555555556,0.18840579710144928,0.1875,0.64,0.6666666666666666,0.005808325266214908,0.0062447960033305576,0.016863406408094434,1,0.11063829787234042,0.7586206896551724,0.6,0.6,0.5806451612903226,0.5454545454545454,0.39344262295081966,0.5517241379310345,0.23529411764705882,0.006794467362290706,0.022134387351778657,0.04576659038901602,0.044673539518900345,0.2857142857142857,0.09016393442622951,0.21052631578947367,0.002807580467261606,0.05785123966942149,0.0038115981486523277,0.23529411764705882,0.06451612903225806,0.21052631578947367,0.4,0.0975609756097561,0.0361247947454844,0.25,0.17204301075268819,0.3076923076923077,0.012745098039215686,0.25,0.1651376146788991,0.1527777777777778,0.23529411764705882,0.06389776357827476,0.12857142857142856,0.10256410256410256,0.09137055837563451,0.15384615384615385,0.06435643564356436,0.05673758865248227,0.2222222222222222,0.0625,0.2222222222222222,0.4117647058823529,0.4166666666666667,0.23529411764705882,0.12121212121212122,0.27586206896551724,0.057692307692307696,0.5454545454545454,0.3,0.3,0.6666666666666666,0.48484848484848486,0,0
10,_showFileNames,0.09937888198757763,0.09124767225325885,0.463768115942029,0.315018315018315,0.20100502512562815,0.125,0.14814814814814814,0.05547169811320755,0.060336100425187285,0.15256008359456635,0.15757575757575756,0.7945945945945946,0.15853658536585366,0.18181818181818182,0.18181818181818182,0.1927710843373494,0.21428571428571427,0.46938775510204084,0.17073170731707318,0.02631578947368421,0.06719924812030076,0.19142857142857142,0.1048951048951049,0.3263598326359833,0.19895287958115182,0.17941952506596306,0.025974025974025976,0.02928373565492679,0.09018567639257294,0.037962839192621306,0.02631578947368421,0.12010443864229765,0.025974025974025976,0.05161290322580645,0.1806020066889632,0.0913978494623656,0.1932367149758454,0.12280701754385964,0.14942528735632185,0.11954022988505747,0.1932367149758454,0.19672131147540983,0.2007168458781362,0.02631578947368421,0.16517857142857142,0.19636363636363635,0.16666666666666666,0.1927710843373494,0.16,0.38961038961038963,0.44086021505376344,0.026143790849673203,0.41742286751361163,0.026143790849673203,0.14201183431952663,0.11320754716981132,0.02631578947368421,0.37333333333333335,0.06097560975609756,0.09329446064139942,0.21428571428571427,0.06451612903225806,0.06451612903225806,0.14814814814814814,0.20238095238095238,0,0
11,_cleanUpAndFail,0.32,0.009073233959818535,0.39436619718309857,0.17518248175182483,0.2222222222222222,0.75,0.6923076923076923,0.005422153369481022,0.005829689777222569,0.015748031496062992,0.7586206896551724,0.1111111111111111,1,0.6206896551724138,0.6206896551724138,0.6666666666666666,0.5625,0.43333333333333335,0.7857142857142857,0.25,0.006796116504854369,0.020569620253164556,0.03669724770642202,0.04475043029259897,0.2909090909090909,0.0823045267489712,0.2222222222222222,0.002607300441235459,0.03319502074688797,0.0035398230088495575,0.25,0.0728744939271255,0.2222222222222222,0.5263157894736842,0.12269938650306748,0.029605263157894735,0.2535211267605634,0.15217391304347827,0.3684210526315789,0.011770475723393821,0.2535211267605634,0.18518518518518517,0.15384615384615385,0.25,0.07051282051282051,0.12949640287769784,0.10344827586206896,0.12244897959183673,0.1875,0.05955334987593052,0.052132701421800945,0.23529411764705882,0.06265060240963856,0.23529411764705882,0.48484848484848486,0.43478260869565216,0.25,0.12195121951219512,0.21428571428571427,0.04830917874396135,0.5625,0.3157894736842105,0.3157894736842105,0.6923076923076923,0.5625,0,0
12,_cadvise,0.3076923076923077,0.009718172983479106,0.4166666666666667,0.17391304347826086,0.21875,0.64,0.8888888888888888,0.005808325266214908,0.0062447960033305576,0.016863406408094434,0.6,0.1276595744680851,0.6206896551724138,1,1,0.7741935483870968,0.9090909090909091,0.4918032786885246,0.6896551724137931,0.23529411764705882,0.007279786459597185,0.023715415019762844,0.02288329519450801,0.05154639175257732,0.14285714285714285,0.04918032786885246,0.21052631578947367,0.003008121929208864,0.024793388429752067,0.0038115981486523277,0.23529411764705882,0.04838709677419355,0.21052631578947367,0.2,0.07317073170731707,0.022988505747126436,0.16666666666666666,0.10752688172043011,0.2564102564102564,0.011764705882352941,0.16666666666666666,0.11009174311926606,0.1111111111111111,0.23529411764705882,0.05750798722044728,0.1,0.06837606837606838,0.08121827411167512,0.09230769230769231,0.0594059405940594,0.05673758865248227,0.2222222222222222,0.07211538461538461,0.2222222222222222,0.4117647058823529,0.4166666666666667,0.23529411764705882,0.15757575757575756,0.20689655172413793,0.038461538461538464,0.9090909090909091,0.4,0.4,0.8888888888888888,0.6666666666666666,0,0
13,_outOfMemory,0.3076923076923077,0.009718172983479106,0.4166666666666667,0.17391304347826086,0.21875,0.64,0.8888888888888888,0.005808325266214908,0.0062447960033305576,0.016863406408094434,0.6,0.1276595744680851,0.6206896551724138,1,1,0.7741935483870968,0.9090909090909091,0.4918032786885246,0.6896551724137931,0.23529411764705882,0.007279786459597185,0.023715415019762844,0.02288329519450801,0.05154639175257732,0.14285714285714285,0.04918032786885246,0.21052631578947367,0.003008121929208864,0.024793388429752067,0.0038115981486523277,0.23529411764705882,0.04838709677419355,0.21052631578947367,0.2,0.07317073170731707,0.022988505747126436,0.16666666666666666,0.10752688172043011,0.2564102564102564,0.011764705882352941,0.16666666666666666,0.11009174311926606,0.1111111111111111,0.23529411764705882,0.05750798722044728,0.1,0.06837606837606838,0.08121827411167512,0.09230769230769231,0.0594059405940594,0.05673758865248227,0.2222222222222222,0.07211538461538461,0.2222222222222222,0.4117647058823529,0.4166666666666667,0.23529411764705882,0.15757575757575756,0.20689655172413793,0.038461538461538464,0.9090909090909091,0.4,0.4,0.8888888888888888,0.6666666666666666,0,0
14,_panic,0.5555555555555556,0.004546930821695355,0.1875,0.09230769230769231,0.17857142857142858,0.35294117647058826,0.3157894736842105,0.002714756641458212,0.0029190992493744786,0.007905138339920948,0.2727272727272727,0.05286343612334802,0.2857142857142857,0.2727272727272727,0.2727272727272727,0.34782608695652173,0.24,0.1509433962264151,0.19047619047619047,0.4444444444444444,0.0034038414782397277,0.011137629276054098,0.018648018648018648,0.020905923344947737,0.08333333333333333,0.01694915254237288,0.18181818181818182,0.0014049172102358254,0.017094017094017096,0.001635322976287817,0.2222222222222222,0.041666666666666664,0.36363636363636365,0.5,0.0641025641025641,0.019966722129783693,0.15625,0.09411764705882353,0.12903225806451613,0.004921259842519685,0.15625,0.09900990099009901,0.07352941176470588,0.4444444444444444,0.03934426229508197,0.07575757575757576,0.09174311926605505,0.05291005291005291,0.14035087719298245,0.025252525252525252,0.024096385542168676,0.4,0.03431372549019608,0.4,0.38461538461538464,0.375,0.2222222222222222,0.06369426751592357,0.19047619047619047,0.04,0.24,0.5,0.5,0.3157894736842105,0.4,0,0
15,_configError,0.27906976744186046,0.019329896907216496,0.4044943820224719,0.2838709677419355,0.2716049382716049,0.38095238095238093,0.45454545454545453,0.012350443844075647,0.013275254096660444,0.035634743875278395,0.425531914893617,0.1984126984126984,0.43478260869565216,0.5106382978723404,0.5106382978723404,0.5416666666666666,0.52,0.48717948717948717,0.43478260869565216,0.11764705882352941,0.015466408893185114,0.0499219968798752,0.07048458149779736,0.1001669449081803,0.273972602739726,0.13793103448275862,0.1111111111111111,0.006406406406406407,0.10038610038610038,0.008692109194621758,0.11764705882352941,0.09056603773584905,0.1111111111111111,0.16216216216216217,0.143646408839779,0.05750798722044728,0.2247191011235955,0.21818181818181817,0.35714285714285715,0.027224112785610113,0.2247191011235955,0.19047619047619047,0.16149068322981366,0.11764705882352941,0.10303030303030303,0.17834394904458598,0.08955223880597014,0.14018691588785046,0.14634146341463414,0.10926365795724466,0.10454545454545454,0.11428571428571428,0.12009237875288684,0.11428571428571428,0.35294117647058826,0.34146341463414637,0.11764705882352941,0.23076923076923078,0.17391304347826086,0.08888888888888889,0.52,0.2702702702702703,0.2702702702702703,0.45454545454545453,0.48,0,0
16,_crcError,0.3333333333333333,0.027608346709470304,0.52,0.25301204819277107,0.2826086956521739,0.22641509433962265,0.2909090909090909,0.016560754862314654,0.017798013245033113,0.047592695074709465,0.27586206896551724,0.2661596958174905,0.21052631578947367,0.3793103448275862,0.3793103448275862,0.3389830508474576,0.45901639344262296,0.5168539325842697,0.2807017543859649,0.08888888888888889,0.019763798505664017,0.06496519721577726,0.05161290322580645,0.12131147540983607,0.16666666666666666,0.0661764705882353,0.0425531914893617,0.007999200079992,0.037037037037037035,0.010035259018171955,0.08888888888888889,0.08695652173913043,0.0851063829787234,0.16666666666666666,0.15625,0.04709576138147567,0.24,0.19834710743801653,0.1791044776119403,0.035783365570599614,0.24,0.16058394160583941,0.1511627906976744,0.08888888888888889,0.08211143695014662,0.15476190476190477,0.1103448275862069,0.12444444444444444,0.17204301075268819,0.14814814814814814,0.13303769401330376,0.08695652173913043,0.17117117117117117,0.08695652173913043,0.2903225806451613,0.23076923076923078,0.044444444444444446,0.27979274611398963,0.07017543859649122,0.06779661016949153,0.45901639344262296,0.16666666666666666,0.16666666666666666,0.2909090909090909,0.36065573770491804,0,0
17,_compressedStreamEOF,0.017766497461928935,0.1044427123928293,0.11270983213429256,0.15777777777777777,0.07990314769975787,0.025412960609911054,0.030418250950570342,0.07221191159102412,0.07366151634926338,0.1330184966548603,0.030303030303030304,0.18254764292878636,0.03286978508217446,0.03535353535353535,0.03535353535353535,0.03530895334174023,0.04025157232704402,0.0899149453219927,0.03286978508217446,0.005134788189987163,0.12819987712471842,0.27923038973852987,0.24186822351959966,0.2425595238095238,0.07823960880195599,0.18687872763419483,0.010243277848911651,0.08458313926408943,0.2151394422310757,0.11544153922052294,0.005134788189987163,0.1702970297029703,0.0076824583866837385,0.01278772378516624,0.1447084233261339,0.2552881108679796,0.06954436450839328,0.10760233918128655,0.04744069912609238,0.25624553890078516,0.06954436450839328,0.11021814006888633,0.152317880794702,0.005134788189987163,0.2158139534883721,0.12638580931263857,0.1296928327645051,0.19186652763295098,0.0773881499395405,0.22126929674099485,0.2160337552742616,0.005128205128205128,0.22920203735144312,0.005128205128205128,0.03768844221105527,0.020356234096692113,0.005134788189987163,0.1725997842502697,0.02781289506953224,0.20412371134020618,0.04025157232704402,0.010230179028132993,0.010230179028132993,0.030418250950570342,0.04025157232704402,0,0
18,_OUTLINED_FUNCTION_0,0.37037037037037035,0.010362694300518135,0.3835616438356164,0.18705035971223022,0.2153846153846154,0.6923076923076923,0.8571428571428571,0.006194347657762292,0.006659729448491155,0.017977528089887642,0.6451612903225806,0.1271186440677966,0.6666666666666666,0.7741935483870968,0.7741935483870968,0.9375,0.7058823529411765,0.45161290322580644,0.6,0.2222222222222222,0.00727802037845706,0.02527646129541864,0.0365296803652968,0.051457975986277875,0.2807017543859649,0.08163265306122448,0.2,0.00300782033286545,0.0411522633744856,0.004083299305839118,0.2222222222222222,0.05622489959839357,0.2,0.2857142857142857,0.09696969696969697,0.029508196721311476,0.2191780821917808,0.1276595744680851,0.3,0.013718765311121999,0.2191780821917808,0.14545454545454545,0.13793103448275862,0.2222222222222222,0.07006369426751592,0.14184397163120568,0.0847457627118644,0.09090909090909091,0.12121212121212122,0.06419753086419754,0.06132075471698113,0.21052631578947367,0.07194244604316546,0.21052631578947367,0.45714285714285713,0.48,0.2222222222222222,0.13253012048192772,0.2,0.05741626794258373,0.7058823529411765,0.38095238095238093,0.38095238095238093,0.8571428571428571,0.6470588235294118,0,0
19,_OUTLINED_FUNCTION_1,0.27586206896551724,0.011650485436893204,0.48,0.18439716312056736,0.23880597014925373,0.5714285714285714,0.8,0.00696594427244582,0.00748907842729353,0.020202020202020204,0.5454545454545454,0.15126050420168066,0.5625,0.9090909090909091,0.9090909090909091,0.7058823529411765,1,0.5625,0.625,0.2,0.008729388942774006,0.028391167192429023,0.022727272727272728,0.06153846153846154,0.13559322033898305,0.048582995951417005,0.18181818181818182,0.0036086607858861267,0.024489795918367346,0.004626479793169139,0.2,0.04780876494023904,0.18181818181818182,0.17391304347826086,0.0718562874251497,0.02287581699346405,0.16,0.10416666666666667,0.23809523809523808,0.013705335291238374,0.16,0.125,0.12244897959183673,0.2,0.056962025316455694,0.11188811188811189,0.06666666666666667,0.09,0.08823529411764706,0.0687960687960688,0.06572769953051644,0.19047619047619047,0.08591885441527446,0.19047619047619047,0.3783783783783784,0.37037037037037035,0.2,0.17857142857142858,0.1875,0.037914691943127965,1,0.34782608695652173,0.34782608695652173,0.8,0.6111111111111112,0,0
20,_BZ2_blockSort,0.16,0.009073233959818535,0.39436619718309857,0.16058394160583941,0.19047619047619047,0.6666666666666666,0.6923076923076923,0.005422153369481022,0.005829689777222569,0.015748031496062992,0.5517241379310345,0.11965811965811966,0.7857142857142857,0.6896551724137931,0.6896551724137931,0.6,0.625,0.4,1,0.25,0.006796116504854369,0.020569620253164556,0.03669724770642202,0.04475043029259897,0.2545454545454545,0.06584362139917696,0.2222222222222222,0.002607300441235459,0.024896265560165973,0.0035398230088495575,0.25,0.05668016194331984,0.2222222222222222,0.21052631578947367,0.11042944785276074,0.02631578947368421,0.19718309859154928,0.10869565217391304,0.3684210526315789,0.012751348700343305,0.19718309859154928,0.12962962962962962,0.1258741258741259,0.25,0.0641025641025641,0.11510791366906475,0.06896551724137931,0.10204081632653061,0.09375,0.06451612903225806,0.05687203791469194,0.23529411764705882,0.06265060240963856,0.23529411764705882,0.42424242424242425,0.34782608695652173,0.25,0.12195121951219512,0.21428571428571427,0.03864734299516908,0.625,0.3157894736842105,0.3157894736842105,0.6923076923076923,0.5625,0,0
21,_fallbackSort,0.3076923076923077,0.0013012361743656475,0.06779661016949153,0.032,0.0784313725490196,0.3333333333333333,0.2857142857142857,0.0007763975155279503,0.0008348987685243164,0.0022650056625141564,0.23529411764705882,0.018018018018018018,0.25,0.23529411764705882,0.23529411764705882,0.2222222222222222,0.2,0.08333333333333333,0.25,1,0.0009737098344693282,0.003194888178913738,0.0047169811320754715,0.007029876977152899,0.046511627906976744,0.008658008658008658,0.3333333333333333,0.00040160642570281126,0.008733624454148471,0.0005454793399699986,0.5,0.00851063829787234,0.6666666666666666,0.5714285714285714,0.013245033112582781,0.006711409395973154,0.03389830508474576,0.025,0.07692307692307693,0.000986679822397632,0.03389830508474576,0.041666666666666664,0.030534351145038167,1,0.013333333333333334,0.031496062992125984,0.038461538461538464,0.021739130434782608,0.038461538461538464,0.010230179028132993,0.00975609756097561,0.8,0.009925558312655087,0.8,0.19047619047619047,0.36363636363636365,0.5,0.02631578947368421,0.125,0.010256410256410256,0.2,0.5714285714285714,0.5714285714285714,0.2857142857142857,0.2,0,0
22,_mainGtU,0.0006101958173850336,0.13519110315735652,0.003157894736842105,0.005972460321849251,0.0024936273966529978,0.0005547388566832164,0.0006656497018444044,0.22698031218896414,0.20826802507836992,0.0828947020393049,0.0008319929003272505,0.011802663872266498,0.0007765482430596001,0.0008319929003272505,0.0008319929003272505,0.0008874344823761058,0.0009983084218407698,0.002549253235057774,0.0007765482430596001,0.00011097239561659037,0.17524720416448727,0.04440511624165393,0.01601535719182778,0.02316307019939907,0.002161622879946791,0.01119320688134098,0.0002219324770438594,0.1200408686767679,0.010973256134546458,0.12325356204177618,0.00011097239561659037,0.010034182379534679,0.0002219324770438594,0.00027740790057700844,0.006852343059239611,0.022272565985206213,0.002770083102493075,0.003931231139780183,0.0013308564615853828,0.044604392140380374,0.002770083102493075,0.004593629797714254,0.006137343801835674,0.00011097239561659037,0.012437742494702952,0.006248617562486175,0.0051459399640337525,0.008336783988957902,0.002548970714542986,0.017786561264822136,0.02002688540780774,0.00016645397547578093,0.0193721874657008,0.00016645397547578093,0.0009982807387277466,0.000499278819482969,0.00011097239561659037,0.007736302599950267,0.0007210805114124857,0.009934871398609118,0.0009983084218407698,0.00027740790057700844,0.00027740790057700844,0.0006656497018444044,0.0009983084218407698,0,0
23,_BZ2_hbMakeCodeLengths,0.014094432699083862,0.24330357142857142,0.07508532423208192,0.14500326583932072,0.059025394646533974,0.014104372355430184,0.016901408450704224,0.16346447087526686,0.17782798128126512,0.29255989911727615,0.019676739283204497,0.2334152334152334,0.01828410689170183,0.02108222066057625,0.02108222066057625,0.02247191011235955,0.025245441795231416,0.06327372764786796,0.01828410689170183,0.0028368794326241137,0.29379760609357997,0.8600451467268623,0.2863387978142076,0.35443037974683544,0.05244996549344375,0.1857055589492975,0.0056657223796034,0.18141826500087982,0.22140672782874618,0.23183430598466645,0.0028368794326241137,0.18647166361974407,0.0056657223796034,0.007077140835102618,0.14258188824662812,0.29270729270729273,0.06279863481228669,0.0847913862718708,0.0335195530726257,0.3705214098456161,0.06279863481228669,0.10119840213049268,0.1340273259596617,0.0028368794326241137,0.23798358733880423,0.12915851272015655,0.12317880794701987,0.17358490566037735,0.0644718792866941,0.2904841402337229,0.31607929515418504,0.004252303330970942,0.2974018794914317,0.004252303330970942,0.023826208829712685,0.012702893436838392,0.0028368794326241137,0.17458279845956354,0.01828410689170183,0.19737663960024984,0.025245441795231416,0.007077140835102618,0.007077140835102618,0.016901408450704224,0.025245441795231416,0,0
24,_BZ2_hbAssignCodes,0.03233256351039261,0.08528906697195192,0.10438413361169102,0.20917431192660552,0.07643312101910828,0.027777777777777776,0.02304147465437788,0.05527638190954774,0.059873344847438115,0.11070448307410796,0.04576659038901602,0.1277258566978193,0.03669724770642202,0.02288329519450801,0.02288329519450801,0.0365296803652968,0.022727272727272728,0.08974358974358974,0.03669724770642202,0.0047169811320754715,0.12014134275618374,0.29904306220095694,1,0.23255813953488372,0.1079913606911447,0.25806451612903225,0.014084507042253521,0.06647398843930635,0.4745762711864407,0.09493099445375984,0.009433962264150943,0.21374045801526717,0.009389671361502348,0.01405152224824356,0.29071803852889666,0.3956692913385827,0.12943632567849686,0.136,0.08520179372197309,0.26644871270944015,0.12943632567849686,0.15503875968992248,0.30490018148820325,0.0047169811320754715,0.40555555555555556,0.2303473491773309,0.29770992366412213,0.3741721854304636,0.13983050847457626,0.2836004932182491,0.2385542168674699,0.004705882352941176,0.21385176184690158,0.004705882352941176,0.05895691609977324,0.02320185614849188,0.009433962264150943,0.2972027972027972,0.03669724770642202,0.44552845528455287,0.022727272727272728,0.00936768149882904,0.00936768149882904,0.02304147465437788,0.05454545454545454,0,0
25,_BZ2_hbCreateDecodeTables,0.015552099533437015,0.1872555785599264,0.07957957957957958,0.1402002861230329,0.061933534743202415,0.01556420233463035,0.018648018648018648,0.13073929961089495,0.14017150395778363,0.24152681803224746,0.021705426356589147,0.23277591973244147,0.02017067494181536,0.023255813953488372,0.023255813953488372,0.024786986831913247,0.027842227378190254,0.06510219530658592,0.02017067494181536,0.0031323414252153485,0.2181750603976956,0.3588118811881188,0.20978196817913966,0.5450597176981542,0.05623100303951368,0.20212765957446807,0.006254886630179828,0.13763019674174307,0.17709720372836218,0.18870555426446664,0.0031323414252153485,0.1909814323607427,0.006254886630179828,0.0078125,0.14747191011235955,0.265382557517389,0.07057057057057058,0.09608277900960828,0.03541185527328714,0.3103030303030303,0.07057057057057058,0.10372534696859022,0.1339031339031339,0.0031323414252153485,0.20470438652256834,0.13857142857142857,0.11909949164851126,0.1578586135895676,0.06641509433962264,0.2824519230769231,0.28520499108734404,0.003129890453834116,0.3054892601431981,0.003129890453834116,0.027820710973724884,0.014018691588785047,0.0031323414252153485,0.1712280701754386,0.02017067494181536,0.17983651226158037,0.027842227378190254,0.0078125,0.0078125,0.018648018648018648,0.027842227378190254,0,0
26,_BZ2_bsInitWrite,0.15384615384615385,0.02184388050112432,0.32653061224489793,0.35365853658536583,0.28888888888888886,0.1568627450980392,0.1509433962264151,0.01425544211134656,0.014078674948240166,0.03545706371191136,0.2857142857142857,0.1685823754789272,0.2909090909090909,0.14285714285714285,0.14285714285714285,0.2807017543859649,0.13559322033898305,0.3218390804597701,0.2545454545454545,0.046511627906976744,0.018326501085121776,0.05886909372579396,0.1079913606911447,0.10855263157894737,1,0.2518518518518518,0.08888888888888889,0.007800780078007801,0.13432835820895522,0.010851871947911014,0.046511627906976744,0.10948905109489052,0.044444444444444446,0.08695652173913043,0.21052631578947367,0.08503937007874016,0.2653061224489796,0.23529411764705882,0.36923076923076925,0.036786060019361085,0.2653061224489796,0.32592592592592595,0.23529411764705882,0.046511627906976744,0.1592920353982301,0.26506024096385544,0.22377622377622378,0.17040358744394618,0.26373626373626374,0.13953488372093023,0.111358574610245,0.09090909090909091,0.13122171945701358,0.09090909090909091,0.3,0.2,0.09302325581395349,0.2094240837696335,0.14545454545454545,0.1282051282051282,0.13559322033898305,0.043478260869565216,0.043478260869565216,0.1509433962264151,0.2033898305084746,0,0
27,_BZ2_compressBlock,0.01971830985915493,0.1007690267833466,0.07407407407407407,0.1678832116788321,0.09090909090909091,0.014104372355430184,0.014064697609001406,0.06667806462643187,0.06887755102040816,0.10962241169305725,0.03081232492997199,0.13275299238302501,0.025245441795231416,0.014005602240896359,0.014005602240896359,0.025174825174825177,0.01394700139470014,0.06711409395973154,0.02244039270687237,0.0028530670470756064,0.15067637877211237,0.31400718317085685,0.31222123104371097,0.25908372827804105,0.0945945945945946,0.36853448275862066,0.011379800853485065,0.10321854180350944,0.3045356371490281,0.15118306351183064,0.005706134094151213,0.30257510729613735,0.008534850640113799,0.011363636363636364,0.1792452830188679,0.3882443928847641,0.08994708994708994,0.1364221364221364,0.0636237897648686,0.3076358296622614,0.08994708994708994,0.14880201765447668,0.20772946859903382,0.0028530670470756064,0.31293881644934807,0.19902912621359223,0.18476903870162298,0.2383654937570942,0.1041388518024032,0.23161764705882354,0.2240289069557362,0.002849002849002849,0.21454545454545454,0.002849002849002849,0.03899721448467967,0.014124293785310734,0.0028530670470756064,0.20259128386336867,0.030855539971949508,0.2982062780269058,0.01394700139470014,0.005681818181818182,0.005681818181818182,0.014064697609001406,0.030683403068340307,0,0
28,_bsPutUInt32,0.13333333333333333,0.002600780234070221,0.06557377049180328,0.047244094488188976,0.11320754716981132,0.2857142857142857,0.25,0.0015521924718665113,0.001669100771959107,0.004524886877828055,0.21052631578947367,0.017857142857142856,0.2222222222222222,0.21052631578947367,0.21052631578947367,0.2,0.18181818181818182,0.08,0.2222222222222222,0.3333333333333333,0.0019464720194647203,0.006379585326953748,0.014084507042253521,0.014010507880910683,0.08888888888888889,0.034334763948497854,1,0.0008030515960650472,0.03463203463203463,0.0010906612133606,0.3333333333333333,0.03375527426160337,0.25,0.2222222222222222,0.0392156862745098,0.013377926421404682,0.06557377049180328,0.0975609756097561,0.21428571428571427,0.002957121734844751,0.06557377049180328,0.061224489795918366,0.06015037593984962,0.3333333333333333,0.026490066225165563,0.06201550387596899,0.07547169811320754,0.043010752688172046,0.14814814814814814,0.015267175572519083,0.019417475728155338,0.2857142857142857,0.019753086419753086,0.2857142857142857,0.2608695652173913,0.15384615384615385,0.3333333333333333,0.05194805194805195,0.3333333333333333,0.04060913705583756,0.18181818181818182,0.2222222222222222,0.2222222222222222,0.25,0.18181818181818182,0,0
29,_BZ2_decompress,0.00044325348054721655,0.1024784605457927,0.0022544737212906864,0.004703990350789024,0.0018924523363733365,0.00040296582849774337,0.00048353950920739815,0.1736288614620609,0.1595633235926559,0.06079476900323045,0.0005640953321111268,0.008787769351149633,0.0005238133612700459,0.0006043878558333501,0.0006043878558333501,0.0006446673919174825,0.0007252215954875101,0.0018522992671337682,0.0005641066967523572,0.00008060615831049492,0.1289458010720667,0.038292184305708445,0.01390776117017025,0.018888601087887785,0.001610857177375511,0.008344867705763174,0.00016120581953008503,0.2941255454850621,0.009027262332243375,0.160307622074342,0.00008060615831049492,0.008063383813057868,0.00016120581953008503,0.0002015032139762629,0.005264109622069076,0.021427433487334713,0.0020129229654381126,0.0027364185110663984,0.000966845264472465,0.05766065792785641,0.0020129229654381126,0.0034596508166385067,0.00486422383469679,0.00008060615831049492,0.010176282051282052,0.004824411522302853,0.003861314455795994,0.006826760902738736,0.0018924142373973264,0.01379696466777309,0.015310813511892864,0.00008060453400503778,0.015073066389460849,0.00008060453400503778,0.0007252069861606333,0.0003626765529608511,0.00008060615831049492,0.005826569155348389,0.0005641066967523572,0.007668372980026096,0.0007252215954875101,0.0002015032139762629,0.0002015032139762629,0.00048353950920739815,0.0007252215954875101,0,0
30,_BZ2_bzlibVersion,0.03347280334728033,0.055757575757575756,0.09824561403508772,0.2678062678062678,0.1444043321299639,0.025210084033613446,0.025,0.03681666046857568,0.03906717161650389,0.07630522088353414,0.05761316872427984,0.15178571428571427,0.03305785123966942,0.024691358024691357,0.024691358024691357,0.04918032786885246,0.024390243902439025,0.11678832116788321,0.024793388429752067,0.008695652173913044,0.08767881864328565,0.2381596752368065,0.4369230769230769,0.24150943396226415,0.17843866171003717,0.34573304157549234,0.034482758620689655,0.04358924013351659,0.865934065934066,0.059796269347797325,0.008695652173913044,0.2559652928416486,0.017241379310344827,0.017167381974248927,0.29708222811671087,0.39172749391727496,0.1824561403508772,0.26143790849673204,0.10317460317460317,0.18286728806036395,0.1824561403508772,0.22981366459627328,0.35294117647058826,0.008695652173913044,0.42585551330798477,0.34560906515580736,0.4303030303030303,0.45365853658536587,0.26618705035971224,0.2917341977309562,0.27044025157232704,0.008658008658008658,0.2480127186009539,0.008658008658008658,0.08097165991902834,0.02531645569620253,0.008695652173913044,0.4021164021164021,0.08264462809917356,0.665083135391924,0.024390243902439025,0.017167381974248927,0.017167381974248927,0.025,0.056910569105691054,0,0
31,_BZ2_bzCompressInit,0.00044218439089100157,0.11708185790312894,0.0024295432458697765,0.005160778086542279,0.0018997967659273658,0.0003979747507130381,0.0004863920762309036,0.18908455597689056,0.1749320108782595,0.06874827065108656,0.0006190034045187249,0.009199146107968926,0.0005305860765370416,0.0006190034045187249,0.0006190034045187249,0.0006632032718028076,0.000751597143930853,0.001988291174196399,0.0005748015829151284,0.00004422723955684306,0.135590471363406,0.0428242484236803,0.016344953002782586,0.02105447079893417,0.0017675651789659744,0.009813413131490934,0.0001769011343785242,0.17612410968338257,0.009857853276415966,0.23372026641294005,0.00008845447911368612,0.009064507612426297,0.00013267585078389316,0.00013267291703520254,0.005951331334861577,0.02409796346015323,0.0022086756780634333,0.0031348654436276135,0.0010167318701235551,0.06502413004826009,0.0022086756780634333,0.0038399576280537594,0.005557025668166181,0.00004422723955684306,0.011995518158050838,0.005336979534227241,0.004192317027426579,0.007444769938988128,0.002032295831584528,0.015611296263813365,0.01696363995002959,0.00008845252310822166,0.016790881192459448,0.00008845252310822166,0.0007957911490339979,0.0003537631555673477,0.00008845447911368612,0.00630386387180674,0.0005748015829151284,0.008279749845855722,0.000751597143930853,0.0001768972227136034,0.0001768972227136034,0.0004863920762309036,0.000751597143930853,0,0
32,_default_bzalloc,0.3076923076923077,0.0013012361743656475,0.06779661016949153,0.032,0.0784313725490196,0.3333333333333333,0.2857142857142857,0.0007763975155279503,0.0008348987685243164,0.0022650056625141564,0.23529411764705882,0.018018018018018018,0.25,0.23529411764705882,0.23529411764705882,0.2222222222222222,0.2,0.08333333333333333,0.25,0.5,0.0009737098344693282,0.003194888178913738,0.009433962264150943,0.007029876977152899,0.046511627906976744,0.017316017316017316,0.3333333333333333,0.00040160642570281126,0.008733624454148471,0.0005454793399699986,1,0.01702127659574468,0.3333333333333333,0.2857142857142857,0.026490066225165563,0.006711409395973154,0.06779661016949153,0.05,0.15384615384615385,0.001973359644795264,0.06779661016949153,0.041666666666666664,0.030534351145038167,0.5,0.013333333333333334,0.031496062992125984,0.019230769230769232,0.021739130434782608,0.038461538461538464,0.010230179028132993,0.00975609756097561,0.4,0.009925558312655087,0.4,0.19047619047619047,0.36363636363636365,0.5,0.02631578947368421,0.125,0.020512820512820513,0.2,0.2857142857142857,0.2857142857142857,0.2857142857142857,0.2,0,0
33,_default_bzfree,0.044444444444444446,0.08412322274881516,0.1772853185595568,0.22014051522248243,0.14730878186968838,0.044585987261146494,0.05063291139240506,0.06013934726806014,0.06283133712939329,0.13249516441005801,0.06269592476489028,0.3473282442748092,0.06289308176100629,0.05642633228840126,0.05642633228840126,0.0625,0.06832298136645963,0.18285714285714286,0.05660377358490566,0.006535947712418301,0.09750566893424037,0.2059202059202059,0.19008264462809918,0.330654420206659,0.11014492753623188,0.34146341463414637,0.025974025974025976,0.05281621516273631,0.2184557438794727,0.0702030124426981,0.013071895424836602,0.845437616387337,0.012987012987012988,0.025889967637540454,0.24724061810154527,0.33407572383073497,0.2659279778393352,0.3298429319371728,0.0975609756097561,0.210390725633319,0.2659279778393352,0.24623115577889448,0.2586605080831409,0.006535947712418301,0.25249169435215946,0.3076923076923077,0.24630541871921183,0.2716049382716049,0.1864406779661017,0.3347763347763348,0.33146067415730335,0.006514657980456026,0.39148936170212767,0.006514657980456026,0.08668730650154799,0.051118210862619806,0.013071895424836602,0.31718061674008813,0.06289308176100629,0.23340040241448692,0.06832298136645963,0.012944983818770227,0.012944983818770227,0.05063291139240506,0.07453416149068323,0,0
34,_BZ2_bzCompress,0.26666666666666666,0.0013003901170351106,0.06557377049180328,0.06299212598425197,0.11320754716981132,0.2857142857142857,0.25,0.0011641443538998836,0.0012518255789693302,0.0022624434389140274,0.21052631578947367,0.017857142857142856,0.2222222222222222,0.21052631578947367,0.21052631578947367,0.2,0.18181818181818182,0.08,0.2222222222222222,0.6666666666666666,0.0019464720194647203,0.006379585326953748,0.009389671361502348,0.014010507880910683,0.044444444444444446,0.02575107296137339,0.25,0.0008030515960650472,0.017316017316017316,0.0010906612133606,0.3333333333333333,0.016877637130801686,1,0.4444444444444444,0.013071895424836602,0.013377926421404682,0.03278688524590164,0.024390243902439025,0.14285714285714285,0.002957121734844751,0.03278688524590164,0.04081632653061224,0.03007518796992481,0.6666666666666666,0.013245033112582781,0.046511627906976744,0.03773584905660377,0.021505376344086023,0.037037037037037035,0.010178117048346057,0.009708737864077669,0.5714285714285714,0.014814814814814815,0.5714285714285714,0.17391304347826086,0.3076923076923077,0.3333333333333333,0.025974025974025976,0.1111111111111111,0.030456852791878174,0.18181818181818182,0.4444444444444444,0.4444444444444444,0.25,0.18181818181818182,0,0
35,_handle_compress,0.375,0.003249918752031199,0.16129032258064516,0.0625,0.18518518518518517,0.26666666666666666,0.23529411764705882,0.0019398642095053346,0.0020859407592824365,0.005652911249293386,0.4,0.035555555555555556,0.5263157894736842,0.2,0.2,0.2857142857142857,0.17391304347826086,0.1568627450980392,0.21052631578947367,0.5714285714285714,0.0024324981756263684,0.00796812749003984,0.01405152224824356,0.017482517482517484,0.08695652173913043,0.02564102564102564,0.2222222222222222,0.001003713740841112,0.017241379310344827,0.0010905125408942203,0.2857142857142857,0.03361344537815126,0.4444444444444444,1,0.05194805194805195,0.01335559265442404,0.12903225806451613,0.07228915662650602,0.20689655172413793,0.003940886699507389,0.12903225806451613,0.10101010101010101,0.07462686567164178,0.5714285714285714,0.026402640264026403,0.06153846153846154,0.07476635514018691,0.053475935828877004,0.14545454545454545,0.025380710659898477,0.01937046004842615,0.5,0.024630541871921183,0.5,0.25,0.42857142857142855,0.2857142857142857,0.05161290322580645,0.10526315789473684,0.030303030303030304,0.17391304347826086,0.4,0.4,0.23529411764705882,0.2608695652173913,0,0
36,_BZ2_bzCompressEnd,0.08917197452229299,0.06028589185829708,0.16748768472906403,0.29739776951672864,0.2564102564102564,0.07692307692307693,0.0759493670886076,0.03663141993957704,0.038905775075987845,0.09109947643979058,0.09937888198757763,0.19672131147540983,0.125,0.07453416149068323,0.07453416149068323,0.08641975308641975,0.07317073170731707,0.16666666666666666,0.1125,0.013513513513513514,0.05268109125117592,0.15329512893982808,0.29225352112676056,0.22159887798036465,0.20320855614973263,0.24533333333333332,0.04,0.02454473475851148,0.30563002680965146,0.03477330480139093,0.02702702702702703,0.3007915567282322,0.013333333333333334,0.052980132450331126,0.976271186440678,0.26756756756756755,0.37438423645320196,0.3125,0.11764705882352941,0.12252418240442192,0.37438423645320196,0.375,0.36363636363636365,0.013513513513513514,0.4009009009009009,0.4059040590405904,0.4596774193548387,0.4268292682926829,0.336734693877551,0.38878504672897196,0.24187725631768953,0.026845637583892617,0.2851919561243144,0.026845637583892617,0.13333333333333333,0.07741935483870968,0.02702702702702703,0.3581081081081081,0.1,0.3421828908554572,0.07317073170731707,0.052980132450331126,0.052980132450331126,0.0759493670886076,0.12195121951219512,0,0
37,_BZ2_bzDecompressInit,0.021825396825396824,0.15138854755468173,0.08918406072106262,0.16071428571428573,0.07648183556405354,0.019860973187686197,0.02180376610505451,0.10736944851146901,0.11303145523677843,0.1890619340818544,0.02766798418972332,0.22514379622021363,0.02373887240356083,0.02766798418972332,0.02766798418972332,0.029615004935834157,0.03152709359605911,0.08053691275167785,0.025717111770524232,0.004004004004004004,0.19831471683323534,0.3560302625723186,0.33403805496828753,0.3145780051150895,0.0674373795761079,0.26916802610114193,0.007992007992007992,0.15335463258785942,0.29901960784313725,0.21637848222862632,0.004004004004004004,0.25365853658536586,0.007992007992007992,0.007984031936127744,0.18673647469458987,0.6574481458202388,0.08538899430740038,0.11906976744186047,0.04113614103819784,0.43414956982131037,0.08538899430740038,0.13382218148487626,0.18294849023090587,0.004004004004004004,0.3196911196911197,0.19607843137254902,0.1710646041856233,0.23748939779474132,0.08978032473734479,0.2987012987012987,0.303202846975089,0.004,0.33476394849785407,0.004,0.03346456692913386,0.017892644135188866,0.004004004004004004,0.22493461203138623,0.02373887240356083,0.27899159663865547,0.03152709359605911,0.00998003992015968,0.00998003992015968,0.02180376610505451,0.033497536945812804,0,0
38,_BZ2_indexIntoF,0.20588235294117646,0.02620645573665708,0.24561403508771928,0.34444444444444444,0.33962264150943394,0.1791044776119403,0.17391304347826086,0.01843671980026887,0.01981015270326042,0.043931905546403076,0.25,0.18772563176895307,0.2535211267605634,0.16666666666666666,0.16666666666666666,0.2191780821917808,0.16,0.3300970873786408,0.19718309859154928,0.03389830508474576,0.024021138601969732,0.0703902065799541,0.12943632567849686,0.13782051282051283,0.2653061224489796,0.16083916083916083,0.06557377049180328,0.010184722915626561,0.18309859154929578,0.011911207363291824,0.06779661016949153,0.3310344827586207,0.03278688524590164,0.12903225806451613,0.36893203883495146,0.12903225806451613,1,0.4148148148148148,0.19753086419753085,0.04803073967339097,1,0.2913907284768212,0.3225806451612903,0.03389830508474576,0.22535211267605634,0.2967032967032967,0.4528301886792453,0.27615062761506276,0.3364485981308411,0.17040358744394618,0.16344086021505377,0.06666666666666667,0.13537117903930132,0.06666666666666667,0.34210526315789475,0.21212121212121213,0.06779661016949153,0.357487922705314,0.22535211267605634,0.2,0.16,0.06451612903225806,0.06451612903225806,0.17391304347826086,0.26666666666666666,0,0
39,_BZ2_bzDecompress,0.1797752808988764,0.02857142857142857,0.17777777777777778,0.30845771144278605,0.31496062992125984,0.11363636363636363,0.1111111111111111,0.02218821729150727,0.02177933018286419,0.04777415852334419,0.17204301075268819,0.14093959731543623,0.15217391304347827,0.10752688172043011,0.10752688172043011,0.14893617021276595,0.10416666666666667,0.22580645161290322,0.10869565217391304,0.025,0.033938814531548754,0.09036144578313253,0.136,0.17674418604651163,0.23529411764705882,0.254071661237785,0.0975609756097561,0.013750498206456756,0.25573770491803277,0.01835605344850857,0.05,0.3987138263665595,0.024390243902439025,0.07228915662650602,0.29955947136563876,0.17261904761904762,0.4148148148148148,0.9743589743589743,0.19607843137254902,0.06847360912981455,0.4148148148148148,0.46511627906976744,0.33816425120772947,0.025,0.2393617021276596,0.4433497536945813,0.3111111111111111,0.3076923076923077,0.421875,0.15417558886509636,0.18930041152263374,0.024691358024691357,0.21294363256784968,0.024691358024691357,0.24742268041237114,0.13793103448275862,0.05,0.2719298245614035,0.17391304347826086,0.2952029520295203,0.10416666666666667,0.04819277108433735,0.04819277108433735,0.1111111111111111,0.20833333333333334,0,0
40,_BZ2_bzDecompressEnd,0.22857142857142856,0.01227390180878553,0.2962962962962963,0.2857142857142857,0.2465753424657534,0.29411764705882354,0.2777777777777778,0.008117510630073444,0.008726366091834614,0.021252796420581657,0.3076923076923077,0.10655737704918032,0.3684210526315789,0.2564102564102564,0.2564102564102564,0.35,0.23809523809523808,0.34285714285714286,0.3684210526315789,0.07692307692307693,0.01162227602905569,0.03767660910518053,0.08520179372197309,0.07445008460236886,0.36923076923076925,0.15810276679841898,0.21428571428571427,0.004808655580044079,0.09561752988047809,0.006526172671651937,0.15384615384615385,0.10116731517509728,0.14285714285714285,0.20689655172413793,0.13872832369942195,0.061488673139158574,0.19753086419753085,0.17647058823529413,1,0.02244997559785261,0.19753086419753085,0.2033898305084746,0.20915032679738563,0.07692307692307693,0.10559006211180125,0.21476510067114093,0.12698412698412698,0.14563106796116504,0.21621621621621623,0.08232445520581114,0.07407407407407407,0.07407407407407407,0.08470588235294117,0.07407407407407407,0.37209302325581395,0.24242424242424243,0.07692307692307693,0.14942528735632185,0.21052631578947367,0.10138248847926268,0.23809523809523808,0.13793103448275862,0.13793103448275862,0.2777777777777778,0.3333333333333333,0,0
41,_BZ2_bzWriteOpen,0.008200922603792926,0.1839584996009577,0.0500751126690035,0.10567135239941833,0.04022121669180493,0.009230769230769232,0.010245901639344262,0.1300423131170663,0.1423688512408976,0.21004319654427644,0.01329923273657289,0.1574074074074074,0.012282497441146366,0.01329923273657289,0.01329923273657289,0.014314928425357873,0.015321756894790603,0.041289023162134945,0.01330603889457523,0.0010298661174047373,0.23387363546146211,0.36551724137931035,0.275190516511431,0.26246509772636617,0.03937405350832913,0.1798063623789765,0.0030864197530864196,0.23331652378551018,0.19012459621596678,0.30309567468450005,0.0020597322348094747,0.17119190059825126,0.0030864197530864196,0.004113110539845758,0.12829104834849211,0.34017363851617993,0.0500751126690035,0.07135777998017839,0.023421588594704685,0.7914249684741488,0.0500751126690035,0.07866273352999016,0.111164813919768,0.0010298661174047373,0.23145665773011617,0.11041162227602906,0.0930460333006856,0.1536286522148916,0.04623115577889447,0.24388149420352082,0.23168654173764908,0.002058672156459084,0.24434002563007262,0.002058672156459084,0.01633486472690148,0.007183170856849667,0.0020597322348094747,0.13301435406698564,0.012282497441146366,0.1706516643225504,0.015321756894790603,0.004113110539845758,0.004113110539845758,0.010245901639344262,0.01634320735444331,0,0
42,_BZ2_bzWrite,0.20588235294117646,0.02620645573665708,0.24561403508771928,0.34444444444444444,0.33962264150943394,0.1791044776119403,0.17391304347826086,0.01843671980026887,0.01981015270326042,0.043931905546403076,0.25,0.18772563176895307,0.2535211267605634,0.16666666666666666,0.16666666666666666,0.2191780821917808,0.16,0.3300970873786408,0.19718309859154928,0.03389830508474576,0.024021138601969732,0.0703902065799541,0.12943632567849686,0.13782051282051283,0.2653061224489796,0.16083916083916083,0.06557377049180328,0.010184722915626561,0.18309859154929578,0.011911207363291824,0.06779661016949153,0.3310344827586207,0.03278688524590164,0.12903225806451613,0.36893203883495146,0.12903225806451613,1,0.4148148148148148,0.19753086419753085,0.04803073967339097,1,0.2913907284768212,0.3225806451612903,0.03389830508474576,0.22535211267605634,0.2967032967032967,0.4528301886792453,0.27615062761506276,0.3364485981308411,0.17040358744394618,0.16344086021505377,0.06666666666666667,0.13537117903930132,0.06666666666666667,0.34210526315789475,0.21212121212121213,0.06779661016949153,0.357487922705314,0.22535211267605634,0.2,0.16,0.06451612903225806,0.06451612903225806,0.17391304347826086,0.26666666666666666,0,0
43,_BZ2_bzWriteClose,0.17647058823529413,0.04046791021182422,0.24324324324324326,0.3177570093457944,0.38571428571428573,0.1188118811881188,0.11650485436893204,0.025949246327036823,0.02540983606557377,0.05929919137466307,0.16981132075471697,0.17363344051446947,0.19047619047619047,0.11320754716981132,0.11320754716981132,0.16822429906542055,0.12844036697247707,0.23357664233576642,0.13333333333333333,0.043010752688172046,0.03621634500833929,0.11185682326621924,0.15204678362573099,0.1762917933130699,0.3333333333333333,0.25,0.06315789473684211,0.016320031843964574,0.22641509433962265,0.022096469954190245,0.043010752688172046,0.2962962962962963,0.042105263157894736,0.10416666666666667,0.38333333333333336,0.181021897810219,0.28378378378378377,0.46153846153846156,0.20869565217391303,0.07372400756143667,0.28378378378378377,0.9837837837837838,0.43636363636363634,0.043010752688172046,0.2930591259640103,0.5740740740740741,0.35233160621761656,0.3663003663003663,0.46808510638297873,0.24166666666666667,0.1963927855711423,0.06382978723404255,0.2804878048780488,0.06382978723404255,0.2,0.12,0.043010752688172046,0.27385892116182575,0.11428571428571428,0.2605633802816901,0.12844036697247707,0.0625,0.0625,0.11650485436893204,0.1651376146788991,0,0
44,_BZ2_bzWriteClose64,0.13580246913580246,0.057710207880856346,0.16346153846153846,0.32116788321167883,0.31,0.08695652173913043,0.0736196319018405,0.036596868515374456,0.04008097165991903,0.0866840731070496,0.12048192771084337,0.1778975741239892,0.10909090909090909,0.08433734939759036,0.08433734939759036,0.08383233532934131,0.09467455621301775,0.19289340101522842,0.08484848484848485,0.026143790849673203,0.05637773079633545,0.16416845110635261,0.33158813263525305,0.20334261838440112,0.19791666666666666,0.3368421052631579,0.05161290322580645,0.027500247304382233,0.42328042328042326,0.038492381716118684,0.026143790849673203,0.34375,0.025806451612903226,0.0641025641025641,0.4066666666666667,0.2953020134228188,0.28846153846153844,0.3318777292576419,0.13714285714285715,0.12408088235294118,0.28846153846153844,0.44081632653061226,0.7642857142857142,0.026143790849673203,0.5211581291759465,0.5072463768115942,0.5849802371541502,0.6546546546546547,0.42786069651741293,0.31851851851851853,0.29338103756708406,0.025974025974025976,0.2644927536231884,0.025974025974025976,0.16470588235294117,0.075,0.013071895424836602,0.44518272425249167,0.10909090909090909,0.4418604651162791,0.09467455621301775,0.0641025641025641,0.0641025641025641,0.0736196319018405,0.1301775147928994,0,0
45,_BZ2_bzReadOpen,0.3076923076923077,0.0013012361743656475,0.06779661016949153,0.032,0.0784313725490196,0.3333333333333333,0.2857142857142857,0.0007763975155279503,0.0008348987685243164,0.0022650056625141564,0.23529411764705882,0.018018018018018018,0.25,0.23529411764705882,0.23529411764705882,0.2222222222222222,0.2,0.08333333333333333,0.25,1,0.0009737098344693282,0.003194888178913738,0.0047169811320754715,0.007029876977152899,0.046511627906976744,0.008658008658008658,0.3333333333333333,0.00040160642570281126,0.008733624454148471,0.0005454793399699986,0.5,0.00851063829787234,0.6666666666666666,0.5714285714285714,0.013245033112582781,0.006711409395973154,0.03389830508474576,0.025,0.07692307692307693,0.000986679822397632,0.03389830508474576,0.041666666666666664,0.030534351145038167,1,0.013333333333333334,0.031496062992125984,0.038461538461538464,0.021739130434782608,0.038461538461538464,0.010230179028132993,0.00975609756097561,0.8,0.009925558312655087,0.8,0.19047619047619047,0.36363636363636365,0.5,0.02631578947368421,0.125,0.010256410256410256,0.2,0.5714285714285714,0.5714285714285714,0.2857142857142857,0.2,0,0
46,_BZ2_bzReadClose,0.06666666666666667,0.08509372210651592,0.13872832369942195,0.27184466019417475,0.20118343195266272,0.046822742474916385,0.053156146179401995,0.05478948336091193,0.062229224103977944,0.11495372625426206,0.07236842105263158,0.1650294695481336,0.07260726072607261,0.05921052631578947,0.05921052631578947,0.07213114754098361,0.05863192182410423,0.14328358208955225,0.066006600660066,0.013745704467353952,0.09374288964732651,0.2521117608836907,0.4219409282700422,0.26401869158878505,0.15151515151515152,0.3359073359073359,0.027303754266211604,0.047233336586317946,0.4573643410852713,0.06797900262467192,0.013745704467353952,0.3065134099616858,0.013651877133105802,0.027210884353741496,0.3972602739726027,0.42355605889014725,0.23121387283236994,0.2506811989100817,0.10862619808306709,0.21694036300777875,0.23121387283236994,0.3028720626631854,0.4880382775119617,0.013745704467353952,0.848381601362862,0.37681159420289856,0.4961636828644501,0.4968152866242038,0.26548672566371684,0.36578171091445427,0.3098995695839311,0.02054794520547945,0.2811594202898551,0.02054794520547945,0.09740259740259741,0.04697986577181208,0.013745704467353952,0.45558086560364464,0.0594059405940594,0.4605809128630705,0.05863192182410423,0.034013605442176874,0.034013605442176874,0.053156146179401995,0.08469055374592833,0,0
47,_BZ2_bzRead,0.16666666666666666,0.04885687441277795,0.21348314606741572,0.3360655737704918,0.3411764705882353,0.10687022900763359,0.09022556390977443,0.030734206033010813,0.03136456211812627,0.07214854111405836,0.1323529411764706,0.1935483870967742,0.13333333333333333,0.10294117647058823,0.10294117647058823,0.145985401459854,0.11510791366906475,0.2275449101796407,0.11851851851851852,0.032520325203252036,0.049680624556423,0.13712618526622902,0.21731123388581952,0.2005813953488372,0.2716049382716049,0.3314285714285714,0.064,0.022621291794820916,0.3275862068965517,0.030595813204508857,0.032520325203252036,0.3728813559322034,0.048,0.06349206349206349,0.4,0.2517482517482518,0.2808988764044944,0.45226130653266333,0.2206896551724138,0.1015843429636533,0.2808988764044944,0.5767441860465117,0.464,0.032520325203252036,0.36754176610978523,0.9512195121951219,0.4663677130044843,0.44884488448844884,0.45614035087719296,0.27450980392156865,0.24574669187145556,0.03225806451612903,0.3333333333333333,0.03225806451612903,0.18571428571428572,0.09230769230769231,0.032520325203252036,0.35424354243542433,0.13333333333333333,0.37579617834394907,0.11510791366906475,0.07936507936507936,0.07936507936507936,0.09022556390977443,0.15827338129496402,0,0
48,_BZ2_bzReadGetUnused,0.1016949152542373,0.04592639194715319,0.14634146341463414,0.28695652173913044,0.2564102564102564,0.06837606837606838,0.06722689075630252,0.027772493817766787,0.03104575163398693,0.06306787814003206,0.09836065573770492,0.15902140672782875,0.09917355371900827,0.06557377049180328,0.06557377049180328,0.08130081300813008,0.064,0.1830065359477124,0.06611570247933884,0.03669724770642202,0.04462378352717778,0.13706705969049374,0.32136105860113423,0.18694362017804153,0.20270270270270271,0.31547619047619047,0.07207207207207207,0.01987083954297069,0.46107784431137727,0.026888948642108095,0.01834862385321101,0.3058823529411765,0.036036036036036036,0.07142857142857142,0.4453125,0.2653352353780314,0.4146341463414634,0.31351351351351353,0.12213740458015267,0.09287054409005628,0.4146341463414634,0.3681592039800995,0.5254237288135594,0.03669724770642202,0.47901234567901235,0.4396551724137931,0.8899521531100478,0.5605536332179931,0.4585987261146497,0.31048387096774194,0.283495145631068,0.03636363636363636,0.2440944881889764,0.03636363636363636,0.1746031746031746,0.05172413793103448,0.01834862385321101,0.6459143968871596,0.1487603305785124,0.4866666666666667,0.064,0.05357142857142857,0.05357142857142857,0.06722689075630252,0.128,0,0
49,_BZ2_bzBuffToBuffCompress,0.0962566844919786,0.06403940886699508,0.17167381974248927,0.3010033444816054,0.2577777777777778,0.06451612903225806,0.06382978723404255,0.04130679684566279,0.04511581067472306,0.08969072164948454,0.08376963350785341,0.18181818181818182,0.11578947368421053,0.07329842931937172,0.07329842931937172,0.09375,0.08247422680412371,0.18018018018018017,0.09473684210526316,0.011235955056179775,0.0639887902849136,0.182328190743338,0.3511705685618729,0.20995962314939434,0.18433179723502305,0.32098765432098764,0.044444444444444446,0.031182159068482335,0.43672456575682383,0.04315971759690955,0.02247191011235955,0.3080684596577017,0.011111111111111112,0.04419889502762431,0.48,0.3194805194805195,0.27467811158798283,0.28346456692913385,0.13,0.14357110404361653,0.27467811158798283,0.45185185185185184,0.5770491803278689,0.011235955056179775,0.4810126582278481,0.47840531561461797,0.5611510791366906,0.8212290502793296,0.39823008849557523,0.3823008849557522,0.3013698630136986,0.0223463687150838,0.3327556325823224,0.0223463687150838,0.15384615384615385,0.06486486486486487,0.02247191011235955,0.43558282208588955,0.08421052631578947,0.46612466124661245,0.08247422680412371,0.04419889502762431,0.04419889502762431,0.06382978723404255,0.1134020618556701,0,0
50,_BZ2_bzBuffToBuffDecompress,0.16393442622950818,0.024983984625240232,0.205607476635514,0.28901734104046245,0.4444444444444444,0.1,0.0967741935483871,0.015384615384615385,0.01529241578838603,0.03528114663726571,0.15384615384615385,0.14814814814814814,0.1875,0.09230769230769231,0.09230769230769231,0.12121212121212122,0.08823529411764706,0.22916666666666666,0.09375,0.038461538461538464,0.02213666987487969,0.06923076923076923,0.13983050847457626,0.11021069692058347,0.26373626373626374,0.2222222222222222,0.14814814814814814,0.009392486011191047,0.26714801444043323,0.01273540170708576,0.038461538461538464,0.24028268551236748,0.037037037037037035,0.14545454545454545,0.3316582914572864,0.14596273291925466,0.3364485981308411,0.421875,0.21621621621621623,0.04433734939759036,0.3364485981308411,0.4722222222222222,0.4134078212290503,0.038461538461538464,0.25862068965517243,0.44571428571428573,0.4868421052631579,0.39655172413793105,1,0.1776765375854214,0.1615720524017467,0.07547169811320754,0.18625277161862527,0.07547169811320754,0.3188405797101449,0.1016949152542373,0.038461538461538464,0.34,0.25,0.31275720164609055,0.08823529411764706,0.07272727272727272,0.07272727272727272,0.0967741935483871,0.20588235294117646,0,0
51,_BZ2_bzopen,0.03940886699507389,0.16152293048745314,0.1902654867256637,0.23938223938223938,0.11711711711711711,0.03950617283950617,0.04914004914004914,0.0988277727682597,0.1099537037037037,0.24085224641037517,0.06341463414634146,0.46504065040650405,0.05378973105134474,0.05853658536585366,0.05853658536585366,0.0681265206812652,0.06779661016949153,0.17233560090702948,0.05867970660146699,0.010075566750629723,0.13596978449233504,0.3209726443768997,0.3011015911872705,0.3783783783783784,0.12385321100917432,0.25,0.015037593984962405,0.06703371003573844,0.2829581993569132,0.09215635516438002,0.010075566750629723,0.22929936305732485,0.010025062656641603,0.025,0.38235294117647056,0.2750252780586451,0.17256637168141592,0.14799154334038056,0.081145584725537,0.2371900826446281,0.17256637168141592,0.24130879345603273,0.29389312977099236,0.010075566750629723,0.36075036075036077,0.27307692307692305,0.30985915492957744,0.3535528596187175,0.1707865168539326,0.6964285714285714,0.6400996264009963,0.01507537688442211,0.4296482412060301,0.01507537688442211,0.06763285024154589,0.039603960396039604,0.010075566750629723,0.3926605504587156,0.034229828850855744,0.2687074829931973,0.06779661016949153,0.015,0.015,0.04914004914004914,0.07263922518159806,0,0
52,_bzopen_or_bzdopen,0.04819277108433735,0.1846950517836594,0.17787418655097614,0.2239089184060721,0.09713024282560706,0.043478260869565216,0.04807692307692308,0.11343176089305006,0.12670903138840747,0.275830258302583,0.057279236276849645,0.5737179487179487,0.05263157894736842,0.057279236276849645,0.057279236276849645,0.05714285714285714,0.06635071090047394,0.17333333333333334,0.05741626794258373,0.009852216748768473,0.15077605321507762,0.32043530834340994,0.23486682808716708,0.364572605561277,0.11235955056179775,0.24328593996840442,0.0196078431372549,0.07122177185871453,0.2630744849445325,0.09644473173884939,0.009852216748768473,0.20722135007849293,0.00980392156862745,0.019559902200488997,0.22423146473779385,0.25250501002004005,0.15184381778741865,0.1825726141078838,0.08411214953271028,0.22890078221490326,0.15184381778741865,0.1927710843373494,0.2701688555347092,0.009852216748768473,0.30484330484330485,0.24574669187145556,0.2766798418972332,0.32081911262798635,0.15859030837004406,0.6078184110970997,0.9482758620689655,0.009828009828009828,0.48198757763975153,0.009828009828009828,0.06619385342789598,0.043583535108958835,0.009852216748768473,0.37545126353790614,0.03349282296650718,0.24455611390284757,0.06635071090047394,0.019559902200488997,0.019559902200488997,0.04807692307692308,0.06635071090047394,0,0
53,_BZ2_bzdopen,0.2857142857142857,0.001951219512195122,0.06666666666666667,0.031746031746031744,0.07692307692307693,0.3076923076923077,0.26666666666666666,0.0011643702697457792,0.0012520868113522537,0.003395585738539898,0.2222222222222222,0.017937219730941704,0.23529411764705882,0.2222222222222222,0.2222222222222222,0.21052631578947367,0.19047619047619047,0.08163265306122448,0.23529411764705882,0.8,0.0014602092966658554,0.004788507581803671,0.004705882352941176,0.007017543859649123,0.09090909090909091,0.017241379310344827,0.2857142857142857,0.00040156610782049993,0.008695652173913044,0.0008181074447777475,0.4,0.00847457627118644,0.5714285714285714,0.5,0.02631578947368421,0.006700167504187605,0.06666666666666667,0.024691358024691357,0.07407407407407407,0.0019723865877712033,0.06666666666666667,0.061855670103092786,0.045454545454545456,0.8,0.019933554817275746,0.03125,0.0380952380952381,0.032432432432432434,0.07547169811320754,0.015306122448979591,0.009732360097323601,1,0.01485148514851485,1,0.18181818181818182,0.3333333333333333,0.4,0.026143790849673203,0.11764705882352941,0.01020408163265306,0.19047619047619047,0.5,0.5,0.26666666666666666,0.19047619047619047,0,0
54,_BZ2_bzread,0.05670103092783505,0.16758480719049,0.2304147465437788,0.248,0.16901408450704225,0.05167958656330749,0.061696658097686374,0.10783426813823051,0.11691831204026326,0.25688930406352173,0.0663265306122449,0.5125628140703518,0.06649616368286446,0.07653061224489796,0.07653061224489796,0.08142493638676845,0.09113924050632911,0.20803782505910165,0.06649616368286446,0.010554089709762533,0.13919250501896052,0.30854333128457284,0.22528160200250313,0.4067796610169492,0.1291866028708134,0.22772277227722773,0.02099737532808399,0.06715045960328979,0.23841059602649006,0.09185262065386611,0.010554089709762533,0.2721311475409836,0.015748031496062992,0.02617801047120419,0.2813688212927757,0.25746652935118436,0.1382488479262673,0.23296703296703297,0.08977556109725686,0.23397169025811823,0.1382488479262673,0.28874734607218683,0.2766798418972332,0.010554089709762533,0.28444444444444444,0.3386454183266932,0.23799582463465555,0.3005366726296959,0.1873536299765808,0.4464751958224543,0.48662420382165605,0.015789473684210527,0.8508997429305912,0.015789473684210527,0.07575757575757576,0.046632124352331605,0.010554089709762533,0.35294117647058826,0.04092071611253197,0.24912280701754386,0.09113924050632911,0.02617801047120419,0.02617801047120419,0.061696658097686374,0.09113924050632911,0,0
55,_BZ2_bzwrite,0.2857142857142857,0.001951219512195122,0.06666666666666667,0.031746031746031744,0.07692307692307693,0.3076923076923077,0.26666666666666666,0.0011643702697457792,0.0012520868113522537,0.003395585738539898,0.2222222222222222,0.017937219730941704,0.23529411764705882,0.2222222222222222,0.2222222222222222,0.21052631578947367,0.19047619047619047,0.08163265306122448,0.23529411764705882,0.8,0.0014602092966658554,0.004788507581803671,0.004705882352941176,0.007017543859649123,0.09090909090909091,0.017241379310344827,0.2857142857142857,0.00040156610782049993,0.008695652173913044,0.0008181074447777475,0.4,0.00847457627118644,0.5714285714285714,0.5,0.02631578947368421,0.006700167504187605,0.06666666666666667,0.024691358024691357,0.07407407407407407,0.0019723865877712033,0.06666666666666667,0.061855670103092786,0.045454545454545456,0.8,0.019933554817275746,0.03125,0.0380952380952381,0.032432432432432434,0.07547169811320754,0.015306122448979591,0.009732360097323601,1,0.01485148514851485,1,0.18181818181818182,0.3333333333333333,0.4,0.026143790849673203,0.11764705882352941,0.01020408163265306,0.19047619047619047,0.5,0.5,0.26666666666666666,0.19047619047619047,0,0
56,_BZ2_bzflush,0.4666666666666667,0.010999676480103526,0.3157894736842105,0.19718309859154928,0.2647058823529412,0.4827586206896552,0.45161290322580644,0.007351518668988199,0.007903494176372712,0.019068984856982614,0.4117647058823529,0.11715481171548117,0.48484848484848486,0.4117647058823529,0.4117647058823529,0.5142857142857142,0.3783783783783784,0.36923076923076925,0.42424242424242425,0.19047619047619047,0.008727272727272728,0.026792750197005517,0.05895691609977324,0.05802047781569966,0.3,0.10483870967741936,0.2608695652173913,0.003608299087902175,0.08130081300813008,0.004897959183673469,0.19047619047619047,0.10317460317460317,0.17391304347826086,0.25,0.13095238095238096,0.052202283849918436,0.34210526315789475,0.24742268041237114,0.37209302325581395,0.015655577299412915,0.34210526315789475,0.19469026548672566,0.1891891891891892,0.19047619047619047,0.0946372239747634,0.18055555555555555,0.18181818181818182,0.15920398009950248,0.3188405797101449,0.07352941176470588,0.0702576112412178,0.18181818181818182,0.0761904761904762,0.18181818181818182,1,0.6428571428571429,0.19047619047619047,0.17751479289940827,0.36363636363636365,0.10377358490566038,0.3783783783783784,0.25,0.25,0.45161290322580644,0.5405405405405406,0,0
57,_BZ2_bzclose,0.5,0.005842259006815969,0.24242424242424243,0.13636363636363635,0.1724137931034483,0.5263157894736842,0.47619047619047616,0.003489048265167668,0.003751563151313047,0.01015228426395939,0.4166666666666667,0.07860262008733625,0.43478260869565216,0.4166666666666667,0.4166666666666667,0.56,0.37037037037037035,0.2909090909090909,0.34782608695652173,0.36363636363636365,0.004374240583232078,0.014297061159650517,0.02320185614849188,0.03125,0.2,0.05042016806722689,0.15384615384615385,0.0018059596669007724,0.025423728813559324,0.002452316076294278,0.36363636363636365,0.05785123966942149,0.3076923076923077,0.42857142857142855,0.08860759493670886,0.02321724709784411,0.21212121212121213,0.13793103448275862,0.24242424242424243,0.007866273352999017,0.21212121212121213,0.11650485436893204,0.10144927536231885,0.36363636363636365,0.04560260586319218,0.08955223880597014,0.05405405405405406,0.07329842931937172,0.1016949152542373,0.04020100502512563,0.04316546762589928,0.3333333333333333,0.04390243902439024,0.3333333333333333,0.6428571428571429,1,0.36363636363636365,0.11320754716981132,0.17391304347826086,0.039603960396039604,0.37037037037037035,0.2857142857142857,0.2857142857142857,0.47619047619047616,0.5185185185185185,0,0
58,_BZ2_bzerror,0.15384615384615385,0.0013012361743656475,0.06779661016949153,0.032,0.0392156862745098,0.3333333333333333,0.2857142857142857,0.0007763975155279503,0.0008348987685243164,0.0022650056625141564,0.23529411764705882,0.018018018018018018,0.25,0.23529411764705882,0.23529411764705882,0.2222222222222222,0.2,0.08333333333333333,0.25,0.5,0.0009737098344693282,0.003194888178913738,0.009433962264150943,0.007029876977152899,0.09302325581395349,0.017316017316017316,0.3333333333333333,0.00040160642570281126,0.008733624454148471,0.0005454793399699986,0.5,0.01702127659574468,0.3333333333333333,0.2857142857142857,0.026490066225165563,0.003355704697986577,0.06779661016949153,0.05,0.07692307692307693,0.001973359644795264,0.06779661016949153,0.041666666666666664,0.030534351145038167,0.5,0.013333333333333334,0.031496062992125984,0.019230769230769232,0.021739130434782608,0.038461538461538464,0.010230179028132993,0.00975609756097561,0.4,0.009925558312655087,0.4,0.19047619047619047,0.36363636363636365,1,0.02631578947368421,0.125,0.010256410256410256,0.2,0.2857142857142857,0.2857142857142857,0.2857142857142857,0.2,0,0
59,_add_pair_to_block,0.11267605633802817,0.06493911957539807,0.3404255319148936,0.3700787401574803,0.24444444444444444,0.11347517730496454,0.1258741258741259,0.039765195985608785,0.04349593495934959,0.09604221635883906,0.136986301369863,0.3190883190883191,0.13793103448275862,0.1643835616438356,0.1643835616438356,0.14965986394557823,0.20134228187919462,0.384180790960452,0.12413793103448276,0.03007518796992481,0.05664385178192117,0.1723388848660391,0.28933092224231466,0.24641833810888253,0.23255813953488372,0.31666666666666665,0.05925925925925926,0.024977698483496878,0.39664804469273746,0.03350308228357009,0.015037593984962405,0.29120879120879123,0.02962962962962963,0.058823529411764705,0.37857142857142856,0.25103448275862067,0.3829787234042553,0.2966507177033493,0.15483870967741936,0.11317254174397032,0.3829787234042553,0.27555555555555555,0.45384615384615384,0.03007518796992481,0.4522144522144522,0.359375,0.7381974248927039,0.4536741214057508,0.36464088397790057,0.33076923076923076,0.3339517625231911,0.029850746268656716,0.3007518796992481,0.029850746268656716,0.2,0.11428571428571428,0.03007518796992481,0.9323843416370107,0.1103448275862069,0.42592592592592593,0.20134228187919462,0.07352941176470588,0.07352941176470588,0.1258741258741259,0.18791946308724833,0,0
60,_ioError,0.08,0.0064808813998703824,0.11267605633802817,0.13138686131386862,0.15873015873015872,0.25,0.23076923076923078,0.004647560030983733,0.004580470539246304,0.010123734533183352,0.27586206896551724,0.05128205128205128,0.21428571428571427,0.20689655172413793,0.20689655172413793,0.2,0.1875,0.16666666666666666,0.21428571428571427,0.125,0.006310679611650485,0.022151898734177215,0.03669724770642202,0.0378657487091222,0.14545454545454545,0.09876543209876543,0.3333333333333333,0.002607300441235459,0.08298755186721991,0.0035398230088495575,0.125,0.08097165991902834,0.1111111111111111,0.10526315789473684,0.09815950920245399,0.039473684210526314,0.22535211267605634,0.17391304347826086,0.21052631578947367,0.011770475723393821,0.22535211267605634,0.1111111111111111,0.1258741258741259,0.125,0.057692307692307696,0.12949640287769784,0.15517241379310345,0.09183673469387756,0.25,0.03970223325062035,0.03317535545023697,0.11764705882352941,0.043373493975903614,0.11764705882352941,0.36363636363636365,0.17391304347826086,0.125,0.0975609756097561,1,0.0966183574879227,0.1875,0.21052631578947367,0.21052631578947367,0.23076923076923078,0.25,0,0
61,_main.cold.1,0.058823529411764705,0.05451761102603369,0.088,0.21518987341772153,0.19008264462809918,0.03940886699507389,0.03902439024390244,0.03443758188283736,0.03412284223203533,0.06438426162493613,0.057692307692307696,0.10653753026634383,0.04830917874396135,0.038461538461538464,0.038461538461538464,0.06698564593301436,0.037914691943127965,0.1087866108786611,0.03864734299516908,0.010256410256410256,0.08094905792044661,0.21344421344421344,0.44552845528455287,0.24473684210526317,0.1282051282051282,0.33649289099526064,0.04060913705583756,0.03625258595212295,0.6857142857142857,0.049973418394471024,0.020512820512820513,0.2863849765258216,0.030456852791878174,0.030303030303030304,0.34502923976608185,0.3684879288437103,0.2,0.2952029520295203,0.10138248847926268,0.16411181244364292,0.2,0.27177700348432055,0.391304347826087,0.010256410256410256,0.46028513238289204,0.39622641509433965,0.48135593220338985,0.48533333333333334,0.31275720164609055,0.281786941580756,0.24292845257903495,0.01020408163265306,0.24915824915824916,0.01020408163265306,0.10377358490566038,0.039603960396039604,0.010256410256410256,0.4198250728862974,0.0966183574879227,1,0.037914691943127965,0.020202020202020204,0.020202020202020204,0.03902439024390244,0.07582938388625593,0,0
62,_main.cold.2,0.27586206896551724,0.011650485436893204,0.48,0.18439716312056736,0.23880597014925373,0.5714285714285714,0.8,0.00696594427244582,0.00748907842729353,0.020202020202020204,0.5454545454545454,0.15126050420168066,0.5625,0.9090909090909091,0.9090909090909091,0.7058823529411765,1,0.5625,0.625,0.2,0.008729388942774006,0.028391167192429023,0.022727272727272728,0.06153846153846154,0.13559322033898305,0.048582995951417005,0.18181818181818182,0.0036086607858861267,0.024489795918367346,0.004626479793169139,0.2,0.04780876494023904,0.18181818181818182,0.17391304347826086,0.0718562874251497,0.02287581699346405,0.16,0.10416666666666667,0.23809523809523808,0.013705335291238374,0.16,0.125,0.12244897959183673,0.2,0.056962025316455694,0.11188811188811189,0.06666666666666667,0.09,0.08823529411764706,0.0687960687960688,0.06572769953051644,0.19047619047619047,0.08591885441527446,0.19047619047619047,0.3783783783783784,0.37037037037037035,0.2,0.17857142857142858,0.1875,0.037914691943127965,1,0.34782608695652173,0.34782608695652173,0.8,0.6111111111111112,0,0
63,_main.cold.3,0.25,0.013579049466537343,0.5128205128205128,0.19444444444444445,0.2571428571428571,0.5161290322580645,0.7272727272727273,0.008122220073486753,0.008731808731808732,0.023529411764705882,0.5,0.17427385892116182,0.5142857142857142,0.8333333333333334,0.8333333333333334,0.6486486486486487,0.9230769230769231,0.6268656716417911,0.5714285714285714,0.17391304347826086,0.010176883935061788,0.03304484657749803,0.022573363431151242,0.06802721088435375,0.12903225806451613,0.048,0.16,0.004208838560978054,0.024193548387096774,0.00544069640914037,0.17391304347826086,0.047244094488188976,0.16,0.15384615384615385,0.07058823529411765,0.026016260162601626,0.15384615384615385,0.10101010101010101,0.2222222222222222,0.015640273704789834,0.15384615384615385,0.12173913043478261,0.12,0.17391304347826086,0.06269592476489028,0.1095890410958904,0.06504065040650407,0.09852216748768473,0.08450704225352113,0.07804878048780488,0.07459207459207459,0.16666666666666666,0.0995260663507109,0.16666666666666666,0.35,0.3333333333333333,0.17391304347826086,0.19883040935672514,0.17142857142857143,0.037383177570093455,0.9230769230769231,0.3076923076923077,0.3076923076923077,0.7272727272727273,0.5641025641025641,0,0
64,_BZ2_bz__AssertH__fail,0.5,0.003249918752031199,0.16129032258064516,0.078125,0.14814814814814814,0.5333333333333333,0.47058823529411764,0.0019398642095053346,0.0020859407592824365,0.005652911249293386,0.3,0.044444444444444446,0.3157894736842105,0.4,0.4,0.38095238095238093,0.34782608695652173,0.19607843137254902,0.3157894736842105,0.5714285714285714,0.0024324981756263684,0.00796812749003984,0.00936768149882904,0.017482517482517484,0.043478260869565216,0.017094017094017096,0.2222222222222222,0.001003713740841112,0.017241379310344827,0.0013631406761177754,0.2857142857142857,0.01680672268907563,0.4444444444444444,0.4,0.05194805194805195,0.01669449081803005,0.06451612903225806,0.04819277108433735,0.13793103448275862,0.003940886699507389,0.06451612903225806,0.06060606060606061,0.05970149253731343,0.5714285714285714,0.033003300330033,0.07692307692307693,0.056074766355140186,0.053475935828877004,0.07272727272727272,0.015228426395939087,0.01937046004842615,0.5,0.024630541871921183,0.5,0.25,0.2857142857142857,0.2857142857142857,0.06451612903225806,0.21052631578947367,0.020202020202020204,0.34782608695652173,1,1,0.47058823529411764,0.43478260869565216,0,0