result,442772458,1
left,birthmark,bzip2-1.0.3,/Users/tamada/researches/2026snpd_tamada_experiments/experiments/experiment0/executables/bzip2-1.0.3,op-seq,2026-04-17T04:57:16.349313+00:00,1592375
right,birthmark,bzip2-1.0.1,/Users/tamada/researches/2026snpd_tamada_experiments/experiments/experiment0/executables/bzip2-1.0.1,op-seq,2026-04-17T04:57:54.745901+00:00,4045000
matrix,,entry,_mySIGSEGVorSIGBUScatcher,_addFlagsFromEnvVar,_snocString,_usage,_mySignalCatcher,_compress,_uncompress,_testf,_showFileNames,_cleanUpAndFail,_cadvise,_outOfMemory,_panic,_setInterimPermissions,_pad,_copyDatePermissionsAndOwner,_uInt64_toAscii,_configError,_crcError,_OUTLINED_FUNCTION_0,_OUTLINED_FUNCTION_1,_BZ2_blockSort,_fallbackSort,_mainGtU,_BZ2_hbMakeCodeLengths,_BZ2_hbAssignCodes,_BZ2_hbCreateDecodeTables,_BZ2_bsInitWrite,_BZ2_compressBlock,_bsPutUInt32,_BZ2_decompress,_BZ2_bzlibVersion,_BZ2_bzCompressInit,_default_bzalloc,_default_bzfree,_BZ2_bzCompress,_handle_compress,_BZ2_bzCompressEnd,_BZ2_bzDecompressInit,_BZ2_indexIntoF,_BZ2_bzDecompress,_BZ2_bzDecompressEnd,_BZ2_bzWriteOpen,_BZ2_bzWrite,_BZ2_bzWriteClose,_BZ2_bzWriteClose64,_BZ2_bzReadOpen,_BZ2_bzReadClose,_BZ2_bzRead,_BZ2_bzReadGetUnused,_BZ2_bzBuffToBuffCompress,_BZ2_bzBuffToBuffDecompress,_BZ2_bzopen,_bzopen_or_bzdopen,_BZ2_bzdopen,_BZ2_bzread,_BZ2_bzwrite,_BZ2_bzflush,_BZ2_bzclose,_BZ2_bzerror,_add_pair_to_block,_ioError,_compressedStreamEOF,_main.cold.2,_main.cold.3,_BZ2_bz__AssertH__fail
0,_fopen_output_safely,0.0031887265009149512,0.9331410542373213,0.02745759010742299,0.03021556973873507,0.01034862970783823,0.0038567503355705357,0.005468002577762143,0.6519836723084595,0.712675975986361,0.7308184059407223,0.0053160997663648235,0.12366918547551209,0.005034005809216091,0.007496767825146966,0.007496767825146966,0.006372021290870444,0.009604456867302713,0.020696189745745497,0.006779807335283716,0.0008314133428235504,0.7724579111602528,0.28237450502382644,0.08282358952317925,0.1591897375191762,0.010918842434115561,0.04748200980488504,0.0011605302664872141,0.4400156006931033,0.051395101314086755,0.5636571469341896,0.0009114793456820314,0.051343821826651204,0.001166106524285393,0.0015727071976487927,0.029933389516253905,0.10596470284115833,0.013125152189374711,0.016749247676814405,0.007169309030030213,0.30439902827443344,0.013125152189374711,0.019774956576051328,0.026108102041123682,0.0008314133428235504,0.05793759262293929,0.02567242253003499,0.024091730908019082,0.03892335434028382,0.011552959682398,0.13459958750773615,0.17557664876869772,0.0010222396066614792,0.16906747080913265,0.0010222396066614792,0.0046040025744373825,0.002935381460722697,0.0009114793456820314,0.04883524598881073,0.002758253995415294,0.04523442161016544,0.009604456867302713,0.0019718791531504465,0.0019718791531504465,0.005468002577762143,0.006131862119616027,0,0
1,entry,0.1933083009573865,0.026988676835800418,1,0.5728648939792269,0.4094744247094628,0.26431540198803405,0.3409378184235602,0.01388883899272031,0.015619002528490467,0.047077863750337956,0.3049081195675263,0.34324871011242597,0.3323610483642011,0.4258692436172399,0.4258692436172399,0.3844901388695632,0.5000670316791329,0.8043177641000051,0.4133105092379521,0.05970617706003423,0.024667489663836695,0.10958190706077453,0.16018497364277628,0.2217571363614269,0.42853874625270083,0.26960025323333425,0.07381177282338236,0.011416076150273846,0.2093414187339515,0.017185063160153113,0.07240390074593284,0.2137080454198288,0.07791299545381225,0.10599920851617306,0.39191338257301345,0.12553562786303685,0.3770085962742038,0.35719511873291443,0.36903035707184917,0.06212712218212235,0.3770085962742038,0.43550720191557135,0.3865078410341354,0.05970617706003423,0.2319992584828524,0.35628392413287424,0.32321385962127736,0.29458157622188574,0.337811408851872,0.2751919712187111,0.23398058942986122,0.07251131717609871,0.2510018147551134,0.07251131717609871,0.2817011370334771,0.19504855778064956,0.07240390074593284,0.46499159528821343,0.15340652575863012,0.22701630894496105,0.5000670316791329,0.13033209107327504,0.13033209107327504,0.3409378184235602,0.372232273312738,0,0
2,_mySIGSEGVorSIGBUScatcher,0.07770062358542573,0.061030731899613944,0.37952076613446006,0.5894374378437004,0.2611080543231411,0.08404323998976537,0.10161479704286402,0.03067345790010023,0.03526377359118238,0.1040096646169345,0.11809418184919429,0.48987699698255927,0.11762078076079563,0.12575233456782509,0.12575233456782509,0.12567227076765863,0.14951660318211957,0.31286393635446175,0.1363154539990704,0.018903334226350044,0.07006382239917952,0.31347829708644026,0.38574421410383464,0.5565101487091284,0.2725508525827788,0.6488948763547002,0.031308804467246265,0.035245758353619316,0.42905010005649635,0.054964175977843865,0.02433599292723676,0.5442707989974047,0.026758955604017864,0.03882599322198654,0.5613790979880733,0.41036167042110827,0.3080425824324493,0.3700579227504308,0.18233153816564085,0.1978066971411977,0.3080425824324493,0.4438162794965109,0.47580077935963605,0.018903334226350044,0.5252533664169776,0.5057021983008976,0.41348759710569283,0.49076824553711595,0.2642759003742242,0.5627971814954464,0.44323570615007235,0.025522745381388212,0.4476892734147866,0.025522745381388212,0.11906868176033014,0.06877278519292851,0.02433599292723676,0.544628256391092,0.08200701794235454,0.4311576736522901,0.14951660318211957,0.04594190883342164,0.04594190883342164,0.10161479704286402,0.13236045453800016,0,0
3,_addFlagsFromEnvVar,0.24699284879862515,0.02168358912712276,0.7590466653316716,0.5800722688015243,0.5897051091549803,0.29386250068219844,0.36191780097416093,0.01113828051147181,0.012507072398749819,0.03787377230532196,0.3205844133772291,0.27921278181398657,0.362054425272756,0.4486226329275258,0.4486226329275258,0.4050941092220455,0.5221173836106452,0.7504304894242428,0.4171517532958503,0.07925698924688374,0.019894533790204005,0.0963807142452342,0.16240127685676164,0.19178144008470466,0.45199541358936235,0.29419251799468993,0.09359757443742989,0.010405689553041442,0.22298873853609036,0.0152804717469891,0.07925698924688374,0.2359773168562067,0.1021245977199643,0.1420317051567218,0.43403607681683365,0.13506669507305236,0.4193145391804426,0.41583498137104125,0.38402773028767934,0.05961879981601992,0.4193145391804426,0.5331285746793725,0.4518318787654957,0.07925698924688374,0.2570594590064519,0.4337196819220164,0.37307270447623964,0.34032228257210606,0.43249712123362705,0.23541770903115045,0.19455823401719552,0.09518897355763312,0.21423532977554005,0.09518897355763312,0.32595323684250843,0.22030856276009514,0.07925698924688374,0.43784867415554873,0.18628306693625285,0.24713681621448214,0.5221173836106452,0.17691151331988075,0.17691151331988075,0.36191780097416093,0.41287502635237083,0,0
4,_snocString,0.4939015319191967,0.0038108228091874308,0.26431540198803405,0.17817759524034016,0.3085304070880235,1,0.8025469509178665,0.0019234278449181685,0.002161843639279737,0.006723908779207921,0.634225295294389,0.057631882881649776,0.7340841592506012,0.6570357860010545,0.6570357860010545,0.7417639936750071,0.5502953846534652,0.3265833833188032,0.6870333480744863,0.3204616905274479,0.003515847194610844,0.01810848674493193,0.03586394976894014,0.03830856762617019,0.32442611376077424,0.06832115821606233,0.30901699437494745,0.001858355350487062,0.0545635209043458,0.002718992193703418,0.36435011619153723,0.05271778197700394,0.34447596332676844,0.38761337731175904,0.12739573816182936,0.027334987513329745,0.2172720107540338,0.1632162590558912,0.45677636148150746,0.011264521338332556,0.2172720107540338,0.17775174656044856,0.13243646025585754,0.3204616905274479,0.05746318534829642,0.12115342603220502,0.11897509175549925,0.08341419734352196,0.2051236651134899,0.047824989015851416,0.03730062943553636,0.37574681510650565,0.04125174587634961,0.37574681510650565,0.6030978052856559,0.6148296117852735,0.36435011619153723,0.11429796471860643,0.4022161352507615,0.061904277391416795,0.5502953846534652,0.5027471669973729,0.5027471669973729,0.8025469509178665,0.7486840210547169,0,0
5,_usage,0.4389763221484113,0.005448912021458252,0.3409378184235602,0.20903784994008268,0.32707165884269296,0.8025469509178665,1,0.0028099004063902866,0.003137802070390494,0.009588662861593655,0.6265985772644386,0.08108648181301548,0.7069602397004671,0.8306867049815754,0.8306867049815754,0.835222710216904,0.7067166683715433,0.4218202759001918,0.7593426953166605,0.25166852264521167,0.004748881554845319,0.023088208714489467,0.04290678740705811,0.04959079060358884,0.340773262423986,0.0811331601816756,0.2612038749637414,0.0024581822422088395,0.06533329460747517,0.0035854418544235545,0.2788897449072022,0.06360082485278251,0.28466372787299954,0.3293955346643598,0.14452457362385973,0.032806528951380365,0.24083221556810475,0.18659872674746192,0.44780409082612294,0.014041122428556041,0.24083221556810475,0.19886265104700063,0.1510844570850426,0.25166852264521167,0.06749193717952773,0.14008619177455262,0.13791013258045648,0.09729421720317666,0.2300955337660201,0.06313894508323237,0.05216736298934077,0.29676286505523675,0.057753373049833634,0.29676286505523675,0.5679574439879402,0.5405231786569591,0.2788897449072022,0.1484313159971914,0.37367627474946075,0.07386620938408528,0.7067166683715433,0.42094338220075955,0.42094338220075955,1,0.7726195647677945,0,0
6,_mySignalCatcher,0.0017245963980063728,0.7407503895250828,0.016110573475168644,0.015999473546650655,0.005751167620945075,0.0022395325498657526,0.0032786497467118814,0.9220593551895693,0.9385227028029138,0.5050218722251812,0.0028562340986580947,0.07421357288629782,0.0028536826187274267,0.004563341711153024,0.004563341711153024,0.0036888613679653126,0.0058960948565695,0.01211305074287139,0.0039473146527311265,0.0004874090119090235,0.5750365034960475,0.1638480366559344,0.04908582050501298,0.08997681750155706,0.005484911999340203,0.026415881203923464,0.0006796671880030525,0.4928064761809897,0.0305145215007947,0.5266577206485517,0.0005001946793813383,0.030281317884657266,0.0006859445670166497,0.0009139307129125696,0.01658722021416259,0.06376457202740882,0.007400625713309128,0.009498318629437064,0.0036366986908735743,0.19898398276247675,0.007400625713309128,0.010923997738588764,0.014605983902597042,0.0004874090119090235,0.03356589247377362,0.014511130333269784,0.014081959762813234,0.02246394859748657,0.006701423189384825,0.07671721186306601,0.10509762346082208,0.0005978460578301981,0.10436790356613601,0.0005978460578301981,0.0025320693744376177,0.001610104202483198,0.0005001946793813383,0.02865325507824834,0.0016039429644898462,0.02682510940116456,0.0058960948565695,0.001150117292449515,0.001150117292449515,0.0032786497467118814,0.003488256340463902,0,0
7,_compress,0.002055279161193413,0.81814456989774,0.018788580677923106,0.01930397374490711,0.006854203845573448,0.0026246307225986643,0.0038016859654458335,0.8513419552420542,0.907658777497212,0.5662400274118178,0.003421727379571693,0.0858919999312322,0.003371881261133969,0.005264890735809047,0.005264890735809047,0.004324109859754621,0.0067832153044598,0.014138908282903428,0.004617986540297325,0.0005662466309326319,0.6391669296009133,0.19292680367153447,0.05724911250620812,0.10641236286990619,0.006716284871278622,0.031450667844811986,0.0007926388123605799,0.4929036155209998,0.03558798416539155,0.5564598785293942,0.0005939683578998212,0.03543651508234369,0.0007956844162585464,0.0010683984238221145,0.01980060732781519,0.07442934563058357,0.008760830182640733,0.011232572402342988,0.004439035116452272,0.2281441983511675,0.008760830182640733,0.013062976009252547,0.017391215757148304,0.0005662466309326319,0.039605101645042384,0.0172299549874787,0.016526761745711993,0.026514144246818527,0.007877219439489158,0.09036509814283611,0.12195127991428689,0.0006981656320896867,0.1201561142313119,0.0006981656320896867,0.003024169283489475,0.0019201036171008212,0.0005939683578998212,0.033479083152851086,0.0018800304585244731,0.03127349703573212,0.0067832153044598,0.001340178498576039,0.001340178498576039,0.0038016859654458335,0.004112634898440493,0,0
8,_uncompress,0.006113055589397454,0.6688844799121538,0.053106508010237974,0.05662419843902311,0.0201619078276547,0.007655735194615265,0.010853859648963016,0.4118202795496434,0.4534722619711077,0.9367742207387615,0.010153306110545546,0.22622731043819977,0.009957291272746471,0.014859498384103276,0.014859498384103276,0.012522835804823607,0.019006012231571723,0.04006372354346022,0.013395957930406599,0.0016235900027588013,0.5860979440889532,0.4413091994986431,0.14558671931765932,0.27709692155455956,0.020387795050995194,0.0872370873415862,0.0022829995105815293,0.30454481535268896,0.09452118287620492,0.4212060949663514,0.0017796457530694365,0.09470123291940158,0.0022671614661381456,0.003078653489635208,0.0572841945666569,0.18159006277388567,0.02549705592286422,0.03237368627324544,0.013555543835003125,0.42415266242846295,0.02549705592286422,0.0382327174365078,0.05009713450823616,0.0016235900027588013,0.10696475592823529,0.04921980259725511,0.04645523871112189,0.07361974567654128,0.022614383143690464,0.23957386603088682,0.31147510488067476,0.0020192456882031085,0.30553398654515584,0.0020192456882031085,0.009035955313135724,0.005696471512096846,0.0017796457530694365,0.09242269119987012,0.005458447111548748,0.08388110854602282,0.019006012231571723,0.00385997305893504,0.00385997305893504,0.010853859648963016,0.012052892751938438,0,0
9,_testf,0.4884478069504855,0.005038777886432144,0.3049081195675263,0.2547630991418186,0.3396581144015194,0.634225295294389,0.6265985772644386,0.0024894448513507195,0.002865828256544467,0.008919651866956091,1,0.07609764674583164,0.6646645379986185,0.5626706934046567,0.5626706934046567,0.6961419190655196,0.49589896412040557,0.3893387482087004,0.6114537099234484,0.2357900766327069,0.005431505923075619,0.026777778055042112,0.045847560367086704,0.05494820939267453,0.5017912499512474,0.09156798852970782,0.2708131845707603,0.002433619086544825,0.06559065967995703,0.0037969505033293993,0.2946661793642723,0.06410398426738884,0.2708131845707603,0.36507623307909454,0.15618554448093902,0.03397595169961787,0.2625207952709696,0.19676030723282767,0.6021922524897403,0.01466595880575805,0.2625207952709696,0.21649681449590674,0.16646990535040163,0.2357900766327069,0.07204450086420144,0.15236396279956443,0.14314342301066818,0.10291604017546685,0.25217245866902405,0.06969402875791486,0.05232521120313571,0.2835654011859956,0.05197984100926223,0.2835654011859956,0.6460566826899253,0.6365945619875063,0.2946661793642723,0.14770000957921792,0.3962866467222588,0.07333643961345171,0.49589896412040557,0.37056331761553873,0.37056331761553873,0.6265985772644386,0.6816942671462833,0,0
10,_showFileNames,0.0708746640871849,0.0797052423002017,0.47069835786547465,0.45272845888463076,0.19375041892087275,0.08552707648920466,0.11844176386864524,0.04180396767741035,0.047284311970888115,0.13662600428955451,0.1174730162794928,0.7788416084163299,0.10942650315832103,0.15801782021512634,0.15801782021512634,0.13784763096560892,0.19681877980592233,0.3869984979910108,0.14248332698903987,0.0194813313060338,0.07697510598866664,0.28944711507529897,0.2860521683978896,0.514666951746928,0.21334298671386986,0.3686101165663067,0.026226223567406004,0.03357825878321552,0.3140145612799047,0.05145977183626638,0.021043358675114976,0.31382304775467673,0.026742312523238998,0.036943675421101885,0.3460253973835624,0.25366519766864204,0.22121035212549478,0.24987185795481026,0.1485022403289603,0.15632207453917546,0.22121035212549478,0.290145040354695,0.32783537319343936,0.0194813313060338,0.34151849224019526,0.31608698650121847,0.2924836505742816,0.34376694119946005,0.19903195779007832,0.6228042177936335,0.581078589313581,0.02396027353969543,0.5773860622824565,0.02396027353969543,0.1012000106855725,0.06729542860361803,0.021043358675114976,0.5669674818106143,0.0596545021499465,0.31398563996252593,0.19681877980592233,0.04499518624011212,0.04499518624011212,0.11844176386864524,0.13207202154352993,0,0
11,_cleanUpAndFail,0.4495128450488811,0.0049435214845597875,0.3323610483642011,0.24633493384253113,0.3806111883633463,0.7340841592506012,0.7069602397004671,0.0024571527156918016,0.002771955657810188,0.008710167071786845,0.6646645379986185,0.07312671177224939,1,0.6211128560119932,0.6211128560119932,0.7499217894246828,0.5423288088633964,0.3887897587551077,0.7927547380914427,0.2306058261114572,0.004725968654744728,0.02490906183885766,0.04898228692426154,0.05215757413684963,0.4422441759134069,0.09411164054388288,0.26510341124076875,0.0024124158266290996,0.07081986723755473,0.0035683074047931918,0.32718431277568216,0.07220203573180273,0.26510341124076875,0.368029524490168,0.18127922927362383,0.03671606712119102,0.28836794262784715,0.21387120755503974,0.6057766633861218,0.015365902252150954,0.28836794262784715,0.2520139463541822,0.18418442964071557,0.2306058261114572,0.07990199852984825,0.16648294450205714,0.156319704883641,0.11490201295678182,0.2737559836712159,0.06494447891440691,0.048575723783981894,0.2725146271947043,0.053178347493487044,0.2725146271947043,0.6794019007175187,0.5915022150384623,0.32718431277568216,0.1428775410842189,0.3751785950274993,0.08026029529447487,0.5423288088633964,0.3584286845676543,0.3584286845676543,0.7069602397004671,0.7324345318901452,0,0
12,_cadvise,0.4056331369014393,0.007495153571631108,0.4258692436172399,0.2491950960563003,0.37100364603878433,0.6570357860010545,0.8306867049815754,0.003907083756988783,0.004352613721859799,0.01317170781762822,0.5626706934046567,0.10971982106908296,0.6211128560119932,1,1,0.7861812526274221,0.8695523550459119,0.5242731804489922,0.7257324085362635,0.20332550311868713,0.006378003625813089,0.029932686075198167,0.053818797184643885,0.06436003260104473,0.35431580172725685,0.10034946416313528,0.20942771453851883,0.0032703497223897093,0.08169338802933312,0.004750508240862206,0.20332550311868713,0.0801266770508654,0.23767161214935584,0.2792499213700558,0.17039684180890236,0.04144564325130917,0.269842247937076,0.21763582570488704,0.4255184659258603,0.01799338442786902,0.269842247937076,0.23092423412301644,0.17958388079661813,0.20332550311868713,0.08354004821018413,0.1690058381543036,0.1653504276859653,0.11961737030496478,0.2604787805956261,0.0825223512210822,0.07041674586738311,0.23818624914369135,0.07808405775485783,0.23818624914369135,0.507404438113705,0.4478422202284327,0.20332550311868713,0.1901820777528438,0.3312756976852409,0.0919074836816477,0.8695523550459119,0.3758472891399033,0.3758472891399033,0.8306867049815754,0.7297698217000457,0,0
13,_outOfMemory,0.4056331369014393,0.007495153571631108,0.4258692436172399,0.2491950960563003,0.37100364603878433,0.6570357860010545,0.8306867049815754,0.003907083756988783,0.004352613721859799,0.01317170781762822,0.5626706934046567,0.10971982106908296,0.6211128560119932,1,1,0.7861812526274221,0.8695523550459119,0.5242731804489922,0.7257324085362635,0.20332550311868713,0.006378003625813089,0.029932686075198167,0.053818797184643885,0.06436003260104473,0.35431580172725685,0.10034946416313528,0.20942771453851883,0.0032703497223897093,0.08169338802933312,0.004750508240862206,0.20332550311868713,0.0801266770508654,0.23767161214935584,0.2792499213700558,0.17039684180890236,0.04144564325130917,0.269842247937076,0.21763582570488704,0.4255184659258603,0.01799338442786902,0.269842247937076,0.23092423412301644,0.17958388079661813,0.20332550311868713,0.08354004821018413,0.1690058381543036,0.1653504276859653,0.11961737030496478,0.2604787805956261,0.0825223512210822,0.07041674586738311,0.23818624914369135,0.07808405775485783,0.23818624914369135,0.507404438113705,0.4478422202284327,0.20332550311868713,0.1901820777528438,0.3312756976852409,0.0919074836816477,0.8695523550459119,0.3758472891399033,0.3758472891399033,0.8306867049815754,0.7297698217000457,0,0
14,_panic,0.6419350122831138,0.001926297692930734,0.1290073867122694,0.10564061473803488,0.2581757508513087,0.44036040057589243,0.3795311341224832,0.0009927880314641868,0.001122897807279033,0.0034361229233823565,0.37056331761553873,0.030110825260740937,0.3760093263973202,0.33638893762908695,0.33638893762908695,0.3625839512100598,0.2942182809834857,0.16880395164808648,0.2887788211758743,0.527342130341413,0.0019216359225194823,0.010098438154559908,0.02399097905297387,0.021512110867887402,0.21196105801387732,0.044497958365878554,0.3761785115301143,0.0010232923286129791,0.035213512826542726,0.001485365594128929,0.36586292400589837,0.03959231662987672,0.502362604962437,0.6645632603545955,0.09298784563898477,0.018005566215438362,0.16892551092079,0.1332547647119754,0.2548062513221705,0.006323234919513365,0.16892551092079,0.12921590163206176,0.09302665034561453,0.527342130341413,0.03903526436883753,0.08998202919983045,0.08252922459549783,0.06018528913214183,0.17536679153505852,0.0274090717085147,0.020006362492617447,0.5148252853104156,0.021493211537426005,0.5148252853104156,0.4477220111371272,0.5232687053772038,0.36586292400589837,0.06350260261777507,0.3510520659732913,0.039994478186808236,0.2942182809834857,0.6307255270620018,0.6307255270620018,0.3795311341224832,0.39768395178169935,0,0
15,_configError,0.3855246976356871,0.010692644444299182,0.526773085233644,0.4074520712626989,0.4554598529250583,0.47515052839421423,0.5610262470589511,0.005403719326637191,0.006157342525162424,0.018873783577805114,0.5847726007313001,0.15407767930974192,0.5350382590973028,0.6257863967886645,0.6257863967886645,0.6619947754452977,0.6458547711404973,0.632527228539159,0.6049499816189629,0.13923006142673522,0.010853538004767516,0.05186211577200239,0.08140673112155239,0.10884577488057856,0.5812392376066976,0.15748925737359853,0.1639152179673412,0.004940633846801656,0.11950037289929683,0.007509082863685013,0.15502534713621174,0.11782294771319601,0.17128174730639878,0.22180653448533472,0.2494745311731249,0.06295575645609341,0.3706376702772123,0.3177419483953854,0.5840648695788179,0.02777554442195762,0.3706376702772123,0.321251790250621,0.26317694256562996,0.13923006142673522,0.12409552093307374,0.24232811911692276,0.22054204876670436,0.17177946173106684,0.3267179864025921,0.13151215161226382,0.10444195258270472,0.164934503938587,0.10663669311153134,0.164934503938587,0.5094599097416821,0.410332168024111,0.15502534713621174,0.26133266689099544,0.2914668157940372,0.1328335790792432,0.6458547711404973,0.27259289186058766,0.27259289186058766,0.5610262470589511,0.6220943302691566,0,0
16,_crcError,0.22001724973243664,0.021984907884638027,0.7098817364546479,0.42547661884255505,0.3811165420298107,0.26702052584402425,0.3646777421524787,0.011664611748388287,0.01298542121825641,0.03844947893413053,0.2910412790837026,0.28871517460311413,0.30633242434317853,0.4711912453779691,0.4711912453779691,0.38976891644238665,0.5631872982690628,0.7294961782481595,0.3889584688773424,0.0744456722081126,0.01867294018882948,0.0802992717344082,0.1251535514711566,0.17250021039210095,0.34232773899074176,0.20788018251639329,0.08555213389153182,0.008974301653157712,0.16978245206473108,0.013182527132282074,0.07029518355152131,0.1900006235530839,0.0956123724879665,0.12684066933631089,0.31141188141233234,0.09767216513907451,0.3808420836008084,0.37001100914484253,0.2914303975245479,0.04607913583574408,0.3808420836008084,0.3495743483291036,0.30882882697358716,0.0744456722081126,0.17900855463928877,0.2985231421540183,0.2752840231865896,0.2371232016178625,0.3276149075747512,0.2143831622900737,0.19280601219475313,0.0861501828314688,0.2098674145629894,0.0861501828314688,0.2820334957316636,0.20852533597658052,0.07029518355152131,0.39373936565362044,0.17456436314721857,0.1859283664656317,0.5631872982690628,0.1563735249927175,0.1563735249927175,0.3646777421524787,0.3697333187477433,0,0
17,_compressedStreamEOF,0.025476256568340294,0.1261443294613822,0.15039020878872078,0.2126304879761649,0.09542295453109051,0.02883448197337013,0.03627744157080959,0.06888061202105655,0.0771045005444172,0.1999173600649763,0.037027145642657966,0.37697098882754876,0.03954955098702362,0.046812443680197324,0.046812443680197324,0.04236073066095536,0.057708663082573164,0.11676995564642556,0.04773464262404692,0.007158864939614151,0.13521742826012662,0.4766916258602719,0.468645387200901,0.49671366870109546,0.08940895790150183,0.3570309375136147,0.013420230889970242,0.08735777991334037,0.4178222749446764,0.12216897096239654,0.008223680460603067,0.33036443395366843,0.010107560220962597,0.013933796951893673,0.24029025025246786,0.49624847733026656,0.11271883107212466,0.15448425868211046,0.05962737397811435,0.3957156724285218,0.11271883107212466,0.17621317314014528,0.23858611662827178,0.007158864939614151,0.40519970987347753,0.22714896786756933,0.2267194172137006,0.31895057606832133,0.11934676934141852,0.45372025440968455,0.45299344614781034,0.010093078517852128,0.4434153028902037,0.010093078517852128,0.042742803491862436,0.021461207090108902,0.008223680460603067,0.2888333995416009,0.032939147543477265,0.37605043207148836,0.057708663082573164,0.016716301758082253,0.016716301758082253,0.03627744157080959,0.044487040635013186,0,0
18,_OUTLINED_FUNCTION_0,0.4652525903852519,0.006257918951035779,0.3844901388695632,0.2595528041054397,0.37336705337550713,0.7417639936750071,0.835222710216904,0.0031756645677734063,0.003578948357350731,0.011032180779775969,0.6961419190655196,0.09296582011336019,0.7499217894246828,0.7861812526274221,0.7861812526274221,1,0.6951931046978432,0.4707327168925507,0.7974494493790454,0.21919572940512477,0.005824207612530219,0.02869100789550183,0.050213626499292285,0.0608137626846188,0.43729987814325966,0.09732645193540479,0.23582845781093997,0.002841123843289717,0.07446148434902355,0.004245724057405198,0.2614330998963238,0.07328369506739207,0.2542449362325032,0.315728541490348,0.17499377701580754,0.038294076007019395,0.2743838126553506,0.21446529601969277,0.5448628643807478,0.01653958247168974,0.2743838126553506,0.2381624306942749,0.18100497360002987,0.21919572940512477,0.08003364943488755,0.1672709094865833,0.15571223762262598,0.11444729694832423,0.26036146778781,0.07616293598034785,0.06073245976583763,0.2593550529230434,0.0657643996604168,0.2593550529230434,0.6131401974831584,0.5550947906822545,0.2614330998963238,0.16798962709725118,0.3544891634191919,0.08315837093087175,0.6951931046978432,0.379143042354128,0.379143042354128,0.835222710216904,0.8153150351378485,0,0
19,_OUTLINED_FUNCTION_1,0.3650452652813183,0.009618228016257113,0.5000670316791329,0.28464598972817257,0.3991775021735453,0.5502953846534652,0.7067166683715433,0.0050458871541665395,0.005613952772960729,0.016882271236384194,0.49589896412040557,0.13837786980660138,0.5423288088633964,0.8695523550459119,0.8695523550459119,0.6951931046978432,1,0.6082370449222521,0.6585089622806835,0.16724930548302308,0.008084991038582623,0.03705962827986353,0.06513351294571179,0.07943536454003897,0.357466753268495,0.1194560230241064,0.17253779651421453,0.004125440360390864,0.09823080959042485,0.005975644237747213,0.15739392463172952,0.09682351221853791,0.19997514953685291,0.23779821615442298,0.19472190310803517,0.05048425641369314,0.29167489945265446,0.24379374175990565,0.3980295407026333,0.02215445080338585,0.29167489945265446,0.25859881980277255,0.20587462575391935,0.16724930548302308,0.09979335355694108,0.19575570163327904,0.1907919939512861,0.14149087821457307,0.28296731598202796,0.10211420617834721,0.08894062360125088,0.19545533413759075,0.09867438060821587,0.19545533413759075,0.4490491724598058,0.3754200518211982,0.15739392463172952,0.2299139933680745,0.2928546974687053,0.10997572768139607,1,0.32909351362357264,0.32909351362357264,0.7067166683715433,0.654522006989122,0,0
20,_BZ2_blockSort,0.3742828633345785,0.0067125780253922684,0.4133105092379521,0.27103016736148167,0.36209665907958843,0.6870333480744863,0.7593426953166605,0.0033920514745500174,0.0038034149361185765,0.011788253651076164,0.6114537099234484,0.09727767004677879,0.7927547380914427,0.7257324085362635,0.7257324085362635,0.7974494493790454,0.6585089622806835,0.47172917247742563,1,0.17409993529524415,0.006110035932496816,0.03026206536762266,0.055974587830394995,0.06462423380746629,0.43488510999842456,0.10623126491621304,0.21089672205953391,0.0030352445030007447,0.08113563055755002,0.004473613263031084,0.25448401732747095,0.08189995842403919,0.21089672205953391,0.25463666914563343,0.18687063428969763,0.041539522325084066,0.28943183786031645,0.22961251831341334,0.5810914239165537,0.0182571278402498,0.28943183786031645,0.2554003235906096,0.19001517280468316,0.17409993529524415,0.08520868563928141,0.17315135413694904,0.16347940693325103,0.12061322953081,0.2595825049335695,0.07898157702330322,0.06303137941573644,0.21000313821535,0.06986611892658545,0.21000313821535,0.5712819245487382,0.48446337779155724,0.25448401732747095,0.1715722121442067,0.3326582691833131,0.09171684800648716,0.6585089622806835,0.3009373440843487,0.3009373440843487,0.7593426953166605,0.737715508089904,0,0
21,_fallbackSort,0.35415716977646383,0.0008095211301820671,0.05970617706003423,0.043126065362190213,0.12127663296491231,0.3204616905274479,0.25166852264521167,0.00041839024863332686,0.0004725869412678385,0.0014401597239581676,0.2357900766327069,0.012825053663397479,0.2306058261114572,0.20332550311868713,0.20332550311868713,0.21919572940512477,0.16724930548302308,0.08092245843321233,0.17409993529524415,1,0.0008003452755096507,0.0039918522254701605,0.009332189540838365,0.008294862640565448,0.09657969325936255,0.01872746184195162,0.41421356237309503,0.0004255363669486423,0.015097941823427274,0.000602873513248503,0.5,0.015355799030027262,0.5857864376269049,0.5733828095654676,0.03503088498631801,0.0071416061182729695,0.0650784944059003,0.04967431909509312,0.13507810593582126,0.0024834317665306527,0.0650784944059003,0.05322529775572793,0.03586689910140828,1,0.014896789026725088,0.03575788403501834,0.03448061609454467,0.023726416110232185,0.07462634915296851,0.010842395799304683,0.008148416364122224,0.6821627548042177,0.00879620705613604,0.6821627548042177,0.24044453606092742,0.36586292400589837,0.5,0.0269819195251082,0.23166247903553994,0.017159825972285492,0.16724930548302308,0.527342130341413,0.527342130341413,0.25166852264521167,0.2283875166123801,0,0
22,_mainGtU,0.0002206257436999648,0.13651522265992244,0.0019108189724632574,0.0021694961727872775,0.0007107680286007056,0.00025518253005152314,0.0003685286187999903,0.2425056596065438,0.22189697711581835,0.08000881068830246,0.00037487144475312206,0.009418293132894218,0.00032859529691176004,0.0005115073889351285,0.0005115073889351285,0.00043154599129924254,0.000660682467857332,0.001457905418370653,0.0004484948897560681,0.00005922328827367984,0.13250594617308498,0.025196978432757478,0.006551757421178084,0.012637549151874983,0.0007829157433723033,0.003617514187356674,0.00008471778798457841,0.1786543436974346,0.004006385989681505,0.14521227876358256,0.00006040052007372232,0.003926607276690253,0.00008400831297417088,0.00011100630050020488,0.002083808166954748,0.008782989235797678,0.0009202273850243969,0.0012055368159374913,0.0004976353217243101,0.031251963646082515,0.0009202273850243969,0.0013680568706968543,0.0018451529697193214,0.00005922328827367984,0.004330033933827138,0.0018502505243677136,0.001766217136491277,0.002848814384603937,0.0008308786556763259,0.01049466473233196,0.013921717130085165,0.00007285518921062994,0.013059526698767088,0.00007285518921062994,0.00031234167391447354,0.0002005044543803569,0.00006040052007372232,0.0036222382259595287,0.00019911294286079073,0.0034804732218786105,0.000660682467857332,0.00013912674974991823,0.00013912674974991823,0.0003685286187999903,0.0004128015339192048,0,0
23,_BZ2_hbMakeCodeLengths,0.015151240773431995,0.2845806059648862,0.10056385675106005,0.1476360672627114,0.05483530208780951,0.016590231369883468,0.02126935624952686,0.15862827692242887,0.17986651005302856,0.42370868720922206,0.02415321211830479,0.35800852129912675,0.022727755089135493,0.027657666346824206,0.027657666346824206,0.026186388376152503,0.034312902007910706,0.07867053241979094,0.02767127057407648,0.0036387360205270003,0.32644090341702814,0.9284234747578008,0.3943308837793159,0.5573464136766068,0.058628883843103496,0.2542421795108424,0.007073591342711905,0.19244057521709457,0.2839925924017286,0.2756202111134085,0.004282135462088554,0.24209611361117267,0.005730124759522615,0.007415468447366513,0.1662441002545496,0.47899457917463506,0.06963974916154358,0.09343478464461663,0.038150170289546925,0.67559664856976,0.06963974916154358,0.111093508156208,0.15394920918479316,0.0036387360205270003,0.3113763171400874,0.14994797903974155,0.14646935327898358,0.22021709304242465,0.0710183773671147,0.4816555165656736,0.5191451017829994,0.00541301948452011,0.4725703312645325,0.00541301948452011,0.02496632326154835,0.012980317058411739,0.004282135462088554,0.21645252909475088,0.01749490864523595,0.2551476612143274,0.034312902007910706,0.008919941796952102,0.008919941796952102,0.02126935624952686,0.027386156954896435,0,0
24,_BZ2_hbAssignCodes,0.03532521394619892,0.08035971365384709,0.16018497364277628,0.252228654222466,0.11682948810224414,0.03586394976894014,0.04290678740705811,0.042910538127273745,0.04817947454269422,0.12941838803938666,0.045847560367086704,0.322428108692725,0.04898228692426154,0.053818797184643885,0.053818797184643885,0.050213626499292285,0.06513351294571179,0.13028957277800945,0.055974587830394995,0.009332189540838365,0.09123300315862282,0.40293753651800424,1,0.4126313865663205,0.11474157339779911,0.42020463352011295,0.01987595576683099,0.07597126202507554,0.6194256446410432,0.09480344440953681,0.010203489454754244,0.3626806453141904,0.013780056652958783,0.018599598606241052,0.34560265285660596,0.5810563731484681,0.16622072213229366,0.19644159927148563,0.07844695478260388,0.35761623868544534,0.16622072213229366,0.22121908428515435,0.34450113190566967,0.009332189540838365,0.5788753998455877,0.3038264418216009,0.3606430893371191,0.45192363635684407,0.17932035293816606,0.45170812385008596,0.39306704553330374,0.013810683120480616,0.36601758214646374,0.013810683120480616,0.0577208056754982,0.02472422057133028,0.010203489454754244,0.3839981859350933,0.04853367090696448,0.5834756133692396,0.06513351294571179,0.02381853167834347,0.02381853167834347,0.04290678740705811,0.05790868881618905,0,0
25,_BZ2_hbCreateDecodeTables,0.019202686149158876,0.22835688432881074,0.1314108160600752,0.1857620519153279,0.07123603450914517,0.022684541148454307,0.02897198310154514,0.12494790954686275,0.14090631963979905,0.3520571831689491,0.03049046073358197,0.4169251723111871,0.03106377454509268,0.03738366939235027,0.03738366939235027,0.03482738370081595,0.04609984079481111,0.100465958356599,0.038403465846799545,0.00468190904047161,0.25242336721272685,0.7676093433142464,0.4322825597498732,0.6507583650921529,0.07236289917131788,0.31220045176723565,0.008768823108666113,0.1459785106821342,0.3231912908212249,0.20935420663216864,0.005952409274194492,0.3141850299759814,0.007338357945706364,0.009229301765160569,0.2092172998958195,0.5290219726684751,0.09432129365578057,0.12374542675492595,0.049021961006706194,0.580060774990023,0.09432129365578057,0.13989328930847067,0.1843589252832969,0.00468190904047161,0.356005945415936,0.18285948486650927,0.17317772622853755,0.25342461809830574,0.08511004636389441,0.5283428367266181,0.5589775166638493,0.0066678405241515915,0.5417763591986917,0.0066678405241515915,0.0322472068941555,0.017218040150098868,0.005952409274194492,0.256118970319711,0.023375266608631318,0.29525498950303286,0.04609984079481111,0.011594370216711392,0.011594370216711392,0.02897198310154514,0.03628928873847714,0,0
26,_BZ2_bsInitWrite,0.3452537055723014,0.010074848896417743,0.42853874625270083,0.5191449038817713,0.5023844267612989,0.32442611376077424,0.340773262423986,0.0048287992827461546,0.005651725123320239,0.017742882704213758,0.5017912499512474,0.14001949989427576,0.4422441759134069,0.35431580172725685,0.35431580172725685,0.43729987814325966,0.357466753268495,0.480812127472638,0.43488510999842456,0.09657969325936255,0.0123921411049146,0.0647645196748795,0.11474157339779911,0.12428467719782166,1,0.2337360526401554,0.15651468115594136,0.005882833445611579,0.16241604062460335,0.009240424494527666,0.13346968282648086,0.15986691544849074,0.12638076212467675,0.19328217399536107,0.3498307418313584,0.09035202513134633,0.42384664811140016,0.39245552742282375,0.685875269674207,0.03707511485660875,0.42384664811140016,0.4578474135282602,0.37372682327768003,0.09657969325936255,0.17843146202728888,0.35513063127650524,0.3059073711529162,0.24459886429085942,0.4507864387613518,0.15088552116464415,0.10647225655474213,0.12849590973644776,0.1023302169543735,0.12849590973644776,0.48291566657355245,0.321564615175595,0.13346968282648086,0.2820500048853013,0.29631123630302103,0.17755057040904576,0.357466753268495,0.1846221443088213,0.1846221443088213,0.340773262423986,0.4548665764012212,0,0
27,_BZ2_compressBlock,0.0232191832478702,0.11809820083901124,0.12490649214490845,0.20848271623780623,0.09773446890021498,0.026280775822025038,0.03129539951988958,0.0638500547803812,0.07208360375530232,0.1842759792709734,0.03347930662173426,0.31472029781197086,0.03581176436113731,0.039139919779446974,0.039139919779446974,0.036940197106331896,0.04737483946718968,0.100444847479632,0.041490518000561694,0.006481704869358174,0.1425894469668617,0.5527705753207436,0.5805235363152121,0.5100711565226852,0.08897757243330584,0.45351702479480327,0.01523728886369402,0.11008118634889841,0.5212359271253408,0.15253007155444953,0.007373897280259389,0.42995837748320986,0.009757925313542803,0.012592829760998292,0.28266984516604576,0.7918804264379058,0.12000671188121803,0.17634425735633952,0.05863298677870776,0.5181016874118671,0.12000671188121803,0.20102431789264552,0.2758479266488759,0.006481704869358174,0.5325880925386861,0.28072096589944817,0.2843501477185586,0.39549210608388563,0.14017040633604683,0.46938472379593865,0.4371603569498457,0.010660845114528694,0.4197771057147702,0.010660845114528694,0.04206219849919812,0.018107875137073903,0.007373897280259389,0.319461354264171,0.036177423838874456,0.48033667014110826,0.04737483946718968,0.015903248396724856,0.015903248396724856,0.03129539951988958,0.04195031546257122,0,0
28,_bsPutUInt32,0.27143541592879583,0.0011326184747815216,0.07381177282338236,0.06519474039973183,0.1498240215450024,0.30901699437494745,0.2612038749637414,0.0005864350463438139,0.0006593351762407273,0.001994327822290587,0.2708131845707603,0.0173742479534138,0.26510341124076875,0.20942771453851883,0.20942771453851883,0.23582845781093997,0.17253779651421453,0.09883711312878285,0.21089672205953391,0.41421356237309503,0.0012394834572960756,0.007529085032786931,0.01987595576683099,0.01355003261279164,0.15651468115594136,0.04237345166511397,1,0.0009614853194546136,0.03733698675175945,0.001308165819039253,0.41421356237309503,0.031542112103900455,0.38762756430420553,0.43050087404306037,0.058068675877189335,0.016273491214927716,0.0971431522459425,0.10648547446671552,0.20113494410419064,0.005676927001985743,0.0971431522459425,0.09673224629293886,0.07263703645589836,0.41421356237309503,0.031220634538202674,0.0752081969058147,0.07590111612323958,0.05026071080646233,0.16394060518578912,0.018427186500178827,0.013791096410521786,0.5358983848622454,0.013932615194244491,0.5358983848622454,0.34359524346885384,0.3218345439752258,0.41421356237309503,0.052017317930894036,0.4407436665979799,0.042263397879171105,0.17253779651421453,0.3218345439752258,0.3218345439752258,0.2612038749637414,0.24470503915746744,0,0
29,_BZ2_decompress,0.00016423078655714018,0.11036820840242634,0.0015528294913034202,0.0016079439287892683,0.0005604372761488507,0.0002124642650875863,0.00031203566236182034,0.2023729298007093,0.18201445639187652,0.06407172251949311,0.0002800149123207696,0.007472298661465149,0.00026973108047667615,0.00043491535339901244,0.00043491535339901244,0.0003524036871381808,0.000562667575175313,0.0011766861739568313,0.00037352430778403445,0.000046543840111046286,0.09832725544399656,0.018905287964313566,0.005472917177861025,0.009485080701808313,0.0005525529992063127,0.0028139632284233107,0.00007073746322094898,0.15231607883480625,0.003382361213046692,0.1165875012593468,0.00004700646620670046,0.003163405610914549,0.00006631772865173247,0.00008771345285896182,0.0016762113131543188,0.007262501903460894,0.0007363984943339341,0.0009637222821768932,0.000359445733157715,0.025621436783671236,0.0007363984943339341,0.0010904678727973183,0.0015089525119688085,0.000046543840111046286,0.003600965973673431,0.0015002884509716097,0.0014977030258973567,0.0023692501917451647,0.0006953936473969025,0.008008790361982654,0.010963032650416205,0.0000589300574739271,0.010687358932873758,0.0000589300574739271,0.00024920087500490684,0.00015329539595609898,0.00004700646620670046,0.0029492118769957054,0.00016681707676136082,0.0029542790907058913,0.000562667575175313,0.00011042420989970658,0.00011042420989970658,0.00031203566236182034,0.0003349789661800662,0,0
30,_BZ2_bzlibVersion,0.053410292107064605,0.04963365504962158,0.22464042686331254,0.3529460174882524,0.1930115327750107,0.05721949236844459,0.06862485119554163,0.026049014785301416,0.02951625954358228,0.08321823750819013,0.07375610477925143,0.33308796792227824,0.07450857051950344,0.08588786702886564,0.08588786702886564,0.08032949835136893,0.1032565044866236,0.19911922574641439,0.08530061442064452,0.01615682476141167,0.05875493578469404,0.29729923064514086,0.5915304845082677,0.38327247482597504,0.18304524465903915,0.5929593457485731,0.03984779360120527,0.04694144077867879,0.9020904653066806,0.0617372605594142,0.01615682476141167,0.4642290767892777,0.023092730811517304,0.03065799895822674,0.44217836048167136,0.5115978361302367,0.2385234368575173,0.3365247914582329,0.12429045363645141,0.23927006750976354,0.2385234368575173,0.3504882827960931,0.5083962974915612,0.01615682476141167,0.6567169037646717,0.48363314522605294,0.5611362384529044,0.6454566401966855,0.31406097064302885,0.4478656377644188,0.37093070085820956,0.025882387159089082,0.3388545951991325,0.025882387159089082,0.09591974830655736,0.03962036864235152,0.01615682476141167,0.5553652729816623,0.08709816026619965,0.8631539421400024,0.1032565044866236,0.03949019180253188,0.03949019180253188,0.06862485119554163,0.0909310532333143,0,0
31,_BZ2_bzCompressInit,0.0001798401725361387,0.11919661176998764,0.001694489449429959,0.0017636559878928537,0.0006111197969290716,0.000232847823007587,0.0003399041046512341,0.21714572350365446,0.19569449172704656,0.06933998629466576,0.0003074803957333616,0.00810339573649621,0.00029717533936213236,0.0004720974488565677,0.0004720974488565677,0.0003854259781477243,0.0006095531414430644,0.001279369329365232,0.0004104353538797456,0.000050241387411942284,0.1066437680005421,0.020554299192994563,0.00579350675753465,0.010367828239446153,0.0006103135419501804,0.0030633919095425233,0.0000755781726685667,0.16076989374377015,0.003579436836940064,0.1253540387579608,0.00005213765644107582,0.0034462087117240747,0.00007119274141598186,0.00009442988910424166,0.0018349578921221799,0.00781413078039117,0.0007972496990490407,0.0010513225228506728,0.000397144524505344,0.027603434198688714,0.0007972496990490407,0.0012009097509600997,0.001634061941322873,0.000050241387411942284,0.0038771839728591884,0.0016328119228620208,0.001599662027169324,0.0025541862385403125,0.0007462290630405599,0.008710665771899606,0.011872490367964783,0.00006394154745337222,0.011592652961301186,0.00006394154745337222,0.00027277940139669443,0.00016845636983919832,0.00005213765644107582,0.003175455894550372,0.00017903896368864913,0.003123762290500154,0.0006095531414430644,0.00011870130549118674,0.00011870130549118674,0.0003399041046512341,0.0003669664437518927,0,0
32,_default_bzalloc,0.27312787618583134,0.0008820305376393556,0.07240390074593284,0.05395737740736395,0.10644481137483075,0.36435011619153723,0.2788897449072022,0.0004320811874145569,0.0004903957133964854,0.001558677943743092,0.2946661793642723,0.013491088786786176,0.32718431277568216,0.20332550311868713,0.20332550311868713,0.2614330998963238,0.15739392463172952,0.08601433994943941,0.25448401732747095,0.5,0.0009127570289788611,0.0047557794338699555,0.010203489454754244,0.010162042715064157,0.13346968282648086,0.02105339144997498,0.41421356237309503,0.00043528949885007773,0.015097941823427274,0.00064141992718314,1,0.01618149661840862,0.41421356237309503,0.4492395754137526,0.04082119735917089,0.00724149629347226,0.07359731900617572,0.054881622294259746,0.2123660622414092,0.002865714876943093,0.07359731900617572,0.06145827756899347,0.03926973242628784,0.5,0.015394441602547215,0.03688433548962622,0.03392331770245216,0.023726416110232185,0.07462634915296851,0.01235786651108639,0.008675471377697419,0.4494897427831782,0.009423242624370332,0.4494897427831782,0.29113990698396175,0.4407436665979799,1,0.026644359036037457,0.23166247903553994,0.01730963775183525,0.15739392463172952,0.2989350844248255,0.2989350844248255,0.2788897449072022,0.2479251810533546,0,0
33,_default_bzfree,0.04217754292520759,0.09234949099187251,0.2772230386776884,0.3251143635425193,0.17681286152598275,0.05279288493068046,0.07203526488725254,0.05028024237597528,0.05580915746729331,0.15418393843192435,0.06365404925594731,0.5506395972226411,0.06870600785443359,0.09587091702060824,0.09587091702060824,0.0804812920087179,0.11975086257780598,0.22479020785598536,0.08734147533264724,0.012524393311529547,0.08621446548323353,0.32541080982209103,0.3591512043461953,0.5494297336975449,0.13298193551017945,0.5708553676011773,0.023929983161793178,0.05093333478522588,0.41656847541759723,0.07526046950002452,0.013230545756549472,0.6730703811587482,0.017667037821761045,0.02462642268106008,0.3678908452006878,0.4852939870987083,0.21651985387172346,0.31783191085476026,0.08561211957890325,0.2474328583670834,0.21651985387172346,0.31110039350186747,0.3223331909033037,0.012524393311529547,0.4612264682748287,0.39396784973203036,0.3197059677433909,0.4103928577326902,0.20379632252576851,0.518640090189995,0.5309102947479014,0.016491894984822175,0.603424024205188,0.016491894984822175,0.06724747348562132,0.03937243651613431,0.013230545756549472,0.44897654202746684,0.057507015433937214,0.40687914018717775,0.11975086257780598,0.030058547555270487,0.030058547555270487,0.07203526488725254,0.08058155565190428,0,0
34,_BZ2_bzCompress,0.3736333896202433,0.0011347867711437587,0.07791299545381225,0.0619175865811159,0.15344952197941852,0.34447596332676844,0.28466372787299954,0.0005886319661870809,0.000663813123262802,0.002012623730312746,0.2708131845707603,0.01766862355979404,0.26510341124076875,0.23767161214935584,0.23767161214935584,0.2542449362325032,0.19997514953685291,0.10374811910123982,0.21089672205953391,0.5857864376269049,0.0011611987159491077,0.00624658562293956,0.013780056652958783,0.012585841915828788,0.12638076212467675,0.027167820426220235,0.38762756430420553,0.0006529559933443618,0.021564081662307832,0.0008698722533917458,0.41421356237309503,0.0216488159631667,1,0.5186853906333211,0.04615339981293132,0.01012873143666626,0.08677706232277538,0.06756256986968934,0.19095790890682018,0.0036572064138979954,0.08677706232277538,0.06918417706737201,0.04832532030118186,0.5857864376269049,0.020478194091650415,0.048740014115135843,0.046876472507925704,0.03192734243175921,0.09734845530844616,0.014937277721940423,0.011425138023719361,0.5358983848622454,0.012195845874673372,0.5358983848622454,0.27431723732720004,0.3761785115301143,0.41421356237309503,0.036870177189420206,0.26776157694336666,0.02573393375691413,0.19997514953685291,0.502362604962437,0.502362604962437,0.28466372787299954,0.26207046297961667,0,0
35,_handle_compress,0.4823619097949585,0.001526731974467399,0.10599920851617306,0.09012685635664719,0.2204185628814429,0.38761337731175904,0.3293955346643598,0.0007858980639365853,0.0008889626183296029,0.0027137605431336587,0.36507623307909454,0.02394856929203193,0.368029524490168,0.2792499213700558,0.2792499213700558,0.315728541490348,0.23779821615442298,0.14337988555135317,0.25463666914563343,0.5733828095654676,0.0015287594829705986,0.00809795177820416,0.018599598606241052,0.016407002980784235,0.19328217399536107,0.03737936122000696,0.43050087404306037,0.000821773961346639,0.02862182542827063,0.0011818228250279894,0.4492395754137526,0.030522264060614868,0.5186853906333211,1,0.0758419893343254,0.014447004038402267,0.1350344921202371,0.09594904861949916,0.2403990453489887,0.005080519478418588,0.1350344921202371,0.11270612649195921,0.07920864112037118,0.5733828095654676,0.0331250715442325,0.07671087375680996,0.07192943756260806,0.0512086711668821,0.16006566415996792,0.022708940418793677,0.016406113206076878,0.5431497482521435,0.01711010341836372,0.5431497482521435,0.4044475466155475,0.5256208134752559,0.4492395754137526,0.05335951486163182,0.31844518374705366,0.03244254474778552,0.23779821615442298,0.5256208134752559,0.5256208134752559,0.3293955346643598,0.3208454575610382,0,0
36,_BZ2_bzCompressEnd,0.13344725356117493,0.027953473889804625,0.3850552400417767,0.5870228266426484,0.37726626953950504,0.12690436877912414,0.1441862982837584,0.014117155319640862,0.016029098315552215,0.04834397246555444,0.1547877140611854,0.27877358148327236,0.18024769387806083,0.17027600216925098,0.17027600216925098,0.17381628094175194,0.19477223757495654,0.3486528277679295,0.18453045641181098,0.03591745147424541,0.030763077419732165,0.17164658036890312,0.3430889809818549,0.2939713144102858,0.3445506683466052,0.5167080997896052,0.059319029453758665,0.020620846627178224,0.4371798929229116,0.030582425712750716,0.04092334229288774,0.4458887453693877,0.04713996269707599,0.07777500942408211,0.9716374146823126,0.32320955970674825,0.4861080080992978,0.5083277939564554,0.2365048051083425,0.12855244821202305,0.4861080080992978,0.63628589495762,0.7360016736552442,0.03591745147424541,0.5639413567811294,0.6873984858659541,0.6552588087302547,0.6346949031177739,0.48206836789493823,0.35089597445568455,0.25245390255209277,0.052029036039732524,0.2635806290701286,0.052029036039732524,0.205034653945796,0.09916357798095654,0.04092334229288774,0.5592923667951994,0.147552415203834,0.4606348994795585,0.19477223757495654,0.08136755916730776,0.08136755916730776,0.1441862982837584,0.20031979154171087,0,0
37,_BZ2_bzDecompressInit,0.01698643000200728,0.19928637738980748,0.10743288090842318,0.1555851033147364,0.07031051404111255,0.019692216805469065,0.025458022868826702,0.11367313521919398,0.12624845618112723,0.30046891890222893,0.02472239006866417,0.34383331119940796,0.02573722112299892,0.03332165849187474,0.03332165849187474,0.029232791117894785,0.04148990699145361,0.08667909053311418,0.03134470526066235,0.0045596999661154936,0.20769397558119862,0.6209326659506101,0.4807098542834748,0.5010097620536876,0.060450058554334496,0.3392378926928191,0.01034571683133989,0.1607859617877776,0.3932849230960924,0.22355496726869128,0.004671527201644654,0.3555996979688575,0.006502503218070221,0.009077292462065234,0.21651369303748236,0.712776592743174,0.09186271509291077,0.13162844519100547,0.03728529899947519,0.6639561535521649,0.09186271509291077,0.1459189060807311,0.2029908556562675,0.0045596999661154936,0.42709059990621245,0.21019531739116337,0.2115896112300022,0.30169368498806504,0.10263620980689625,0.4593982600226654,0.4940201302937043,0.0073896803785363785,0.49379043000261824,0.0073896803785363785,0.02972606199869654,0.013132616666679198,0.004671527201644654,0.2696394300845354,0.025712436681484818,0.3586178086256665,0.04148990699145361,0.011684965405911019,0.011684965405911019,0.025458022868826702,0.032167854262303064,0,0
38,_BZ2_indexIntoF,0.200398404674196,0.012557048272799132,0.3770085962742038,0.49424344793169417,0.42916115920832587,0.2172720107540338,0.24083221556810475,0.006421459780752148,0.007264607912314647,0.02215347137159185,0.2625207952709696,0.16207101522225775,0.28836794262784715,0.269842247937076,0.269842247937076,0.2743838126553506,0.29167489945265446,0.40860791582415557,0.28943183786031645,0.0650784944059003,0.013640281286894762,0.07436662718987552,0.16622072213229366,0.15657474457092102,0.42384664811140016,0.27307090013178625,0.0971431522459425,0.00862166058077296,0.2329062633789316,0.01219165072967876,0.07359731900617572,0.2748702335807358,0.08677706232277538,0.1350344921202371,0.48337784605045986,0.14402469476940716,1,0.5654217558337481,0.34649875294277277,0.0525137712764866,1,0.4435138815119092,0.4419482368668449,0.0650784944059003,0.2693606879464445,0.40788792624498593,0.44944942626441786,0.3191222124190234,0.4717256272285062,0.1759703030431895,0.1290821295803959,0.08546892680253126,0.12863262886998117,0.08546892680253126,0.32221081728342116,0.1915300435729279,0.07359731900617572,0.3711419609714899,0.2720876575708001,0.2579619127892444,0.29167489945265446,0.15685115699327135,0.15685115699327135,0.24083221556810475,0.3135089779295862,0,0
39,_BZ2_bzDecompress,0.16598495829591586,0.01622875653000444,0.3596116657906978,0.49303266242944277,0.4723973559247512,0.16245293183001053,0.1859062329720057,0.008327659397249443,0.009439036611842644,0.028410842755449917,0.19968004874402734,0.19281916781224928,0.2132716814751312,0.21702906688624213,0.21702906688624213,0.21499965182811032,0.2432504731967302,0.3588593410676134,0.22904910814025814,0.049803812750244925,0.018302799725623986,0.09967844786899394,0.19422093744444247,0.1976295856113015,0.4005520341902028,0.44046141444018105,0.10686539942704365,0.011749995561655902,0.318404073183186,0.01765218757636644,0.055039093292147956,0.41588966344281764,0.06773164394448072,0.09620781633228925,0.5017213015107018,0.19995900020957036,0.5539305980508549,0.973828779314961,0.28602657191501224,0.07275769263143206,0.5539305980508549,0.6362943244445038,0.5331017148774602,0.049803812750244925,0.3296942029007056,0.6134295907767514,0.49512936376713645,0.44167735295637156,0.5847968653531765,0.21328085934135121,0.16475214432704588,0.07266512748861875,0.17212225708887174,0.07266512748861875,0.258527817573162,0.14376665159308255,0.055039093292147956,0.4024122419012487,0.23177778653793246,0.3464045580807338,0.2432504731967302,0.10885500826368977,0.10885500826368977,0.1859062329720057,0.23911226611026015,0,0
40,_BZ2_bzDecompressEnd,0.38215471680122104,0.006697786851173948,0.36903035707184917,0.3701180137863359,0.42926429280083767,0.45677636148150746,0.44780409082612294,0.0031897025767388953,0.0037114749165365613,0.011810967786649917,0.6021922524897403,0.09611585595210181,0.6057766633861218,0.4255184659258603,0.4255184659258603,0.5448628643807478,0.3980295407026333,0.4138435807071841,0.5810914239165537,0.13507810593582126,0.007978546891093008,0.042383234539733916,0.07844695478260388,0.08267920797024397,0.685875269674207,0.14941410543330147,0.20113494410419064,0.0038195005888247424,0.11213530655455295,0.005646668825598389,0.2123660622414092,0.1018786786542416,0.19095790890682018,0.2403990453489887,0.24064091288551215,0.055734694540254814,0.34649875294277277,0.282128816308033,1,0.023752587265972736,0.34649875294277277,0.32585478403693546,0.2569287490145896,0.13507810593582126,0.11533047133375285,0.23073773124636332,0.21272647153414148,0.16127560435606392,0.3359360467114596,0.09837033360377989,0.06913038104241431,0.16569608892257148,0.06744974868016229,0.16569608892257148,0.5723114423926537,0.43420672627501244,0.2123660622414092,0.1916782256574322,0.32534898734991713,0.12600093615903607,0.3980295407026333,0.23747384729056153,0.23747384729056153,0.44780409082612294,0.5535298016332975,0,0
41,_BZ2_bzWriteOpen,0.010220050328822672,0.28877573701748926,0.06459134941124556,0.0992608914977996,0.040762017346991364,0.011695259107349476,0.014552611112190306,0.1728398992821436,0.1920390783851338,0.3893998480097317,0.015374131186596363,0.22633645770101163,0.016000038805561445,0.01863219797893234,0.01863219797893234,0.017206786079894898,0.022927355356214818,0.05059834045488343,0.018968483152113524,0.002584137857136959,0.32466625766275237,0.6424822887693475,0.3709221561234828,0.3698610180709173,0.03892783912258857,0.20711456228928782,0.005915295942921506,0.2679776739892882,0.26136891276624097,0.3595314479925985,0.0029921610273946353,0.2087636837888327,0.003813220552497887,0.005305143804001156,0.13475268080199332,0.4809673794970879,0.05425324470160198,0.07539074059981976,0.024978715348410896,0.9681634177309065,0.05425324470160198,0.08799849279251482,0.12804157500537316,0.002584137857136959,0.2814348227406326,0.12442125793794123,0.12939716115292565,0.19357411299350658,0.06038532967237242,0.32752917043299,0.35372936732478544,0.004266975758325797,0.33505113838515,0.004266975758325797,0.018506637483088895,0.008195259308048986,0.0029921610273946353,0.1638015065217059,0.01474942523456979,0.23299895308609475,0.022927355356214818,0.006514746479526878,0.006514746479526878,0.014552611112190306,0.019135166926938618,0,0
42,_BZ2_bzWrite,0.200398404674196,0.012557048272799132,0.3770085962742038,0.49424344793169417,0.42916115920832587,0.2172720107540338,0.24083221556810475,0.006421459780752148,0.007264607912314647,0.02215347137159185,0.2625207952709696,0.16207101522225775,0.28836794262784715,0.269842247937076,0.269842247937076,0.2743838126553506,0.29167489945265446,0.40860791582415557,0.28943183786031645,0.0650784944059003,0.013640281286894762,0.07436662718987552,0.16622072213229366,0.15657474457092102,0.42384664811140016,0.27307090013178625,0.0971431522459425,0.00862166058077296,0.2329062633789316,0.01219165072967876,0.07359731900617572,0.2748702335807358,0.08677706232277538,0.1350344921202371,0.48337784605045986,0.14402469476940716,1,0.5654217558337481,0.34649875294277277,0.0525137712764866,1,0.4435138815119092,0.4419482368668449,0.0650784944059003,0.2693606879464445,0.40788792624498593,0.44944942626441786,0.3191222124190234,0.4717256272285062,0.1759703030431895,0.1290821295803959,0.08546892680253126,0.12863262886998117,0.08546892680253126,0.32221081728342116,0.1915300435729279,0.07359731900617572,0.3711419609714899,0.2720876575708001,0.2579619127892444,0.29167489945265446,0.15685115699327135,0.15685115699327135,0.24083221556810475,0.3135089779295862,0,0
43,_BZ2_bzWriteClose,0.19543671145276031,0.01837823032805186,0.4423872157156772,0.5939362739034797,0.581401757421389,0.18483535180748267,0.20614613159438522,0.009144491671066901,0.010418439949889668,0.03198204934995419,0.22547517239671366,0.2140281058914949,0.2628349123716567,0.2385005603510426,0.2385005603510426,0.24749085248641223,0.26611886900151105,0.4197213579149168,0.2648825984541653,0.05556719004351951,0.020236032725250985,0.11402490950824917,0.21539198946812277,0.20425156260296395,0.4720513061614051,0.4703227704111218,0.09949822259201713,0.012472351067239651,0.32497452963869966,0.019183039979200234,0.06444572141911553,0.37914837006318125,0.07202085118985857,0.11810845028389338,0.6304439036520638,0.2124380047653054,0.4494070393660904,0.6273100543266785,0.3390309039481253,0.08146045889213727,0.4494070393660904,0.9712468244592448,0.6785294183432273,0.05556719004351951,0.388436648570917,0.742028769443468,0.5401661459585149,0.5316983078469255,0.6388412784418953,0.24688976282581965,0.18103815392150147,0.07782356387135803,0.19535262998019687,0.07782356387135803,0.2843977311563055,0.1556246690981793,0.06444572141911553,0.43199200679322425,0.1931984877357884,0.34894212778667444,0.26611886900151105,0.11388905657716497,0.11388905657716497,0.20614613159438522,0.2722431544365336,0,0
44,_BZ2_bzWriteClose64,0.10705429253376397,0.029572884237164754,0.31978461288666293,0.48680565248799057,0.3415365696641923,0.09943617686437878,0.1160108454433958,0.01524712263150596,0.017241101293899996,0.05068572222861323,0.12526794954326348,0.2771829726358239,0.13725321015320924,0.14148735269730728,0.14148735269730728,0.136436134999393,0.16581829463176745,0.3030691453099177,0.14202380658070812,0.028536569673199508,0.032509634664066644,0.1877390157321832,0.3916815737809287,0.2772760921394475,0.29354922416067064,0.5640795959363767,0.06193957564445551,0.025138937254984173,0.579984832343114,0.03587643067483859,0.028536569673199508,0.44825443617434313,0.038801315233915834,0.0634327339475168,0.6664664127893337,0.3644195006530728,0.37538435813997084,0.5015485836999862,0.19143890247464013,0.149225604742092,0.37538435813997084,0.6088016350314407,0.8346976473999935,0.028536569673199508,0.6566378636027246,0.7577903003507144,0.7692139522920246,0.8582640046123423,0.528953562572722,0.36406452129481326,0.27807066465342234,0.04700121418943015,0.27600475530941004,0.04700121418943015,0.1730487588141738,0.07668267353649616,0.028536569673199508,0.6132102479452561,0.13706699041100956,0.6089916210877765,0.16581829463176745,0.06666188193810518,0.06666188193810518,0.1160108454433958,0.1585309556228126,0,0
45,_BZ2_bzReadOpen,0.35415716977646383,0.0008095211301820671,0.05970617706003423,0.043126065362190213,0.12127663296491231,0.3204616905274479,0.25166852264521167,0.00041839024863332686,0.0004725869412678385,0.0014401597239581676,0.2357900766327069,0.012825053663397479,0.2306058261114572,0.20332550311868713,0.20332550311868713,0.21919572940512477,0.16724930548302308,0.08092245843321233,0.17409993529524415,1,0.0008003452755096507,0.0039918522254701605,0.009332189540838365,0.008294862640565448,0.09657969325936255,0.01872746184195162,0.41421356237309503,0.0004255363669486423,0.015097941823427274,0.000602873513248503,0.5,0.015355799030027262,0.5857864376269049,0.5733828095654676,0.03503088498631801,0.0071416061182729695,0.0650784944059003,0.04967431909509312,0.13507810593582126,0.0024834317665306527,0.0650784944059003,0.05322529775572793,0.03586689910140828,1,0.014896789026725088,0.03575788403501834,0.03448061609454467,0.023726416110232185,0.07462634915296851,0.010842395799304683,0.008148416364122224,0.6821627548042177,0.00879620705613604,0.6821627548042177,0.24044453606092742,0.36586292400589837,0.5,0.0269819195251082,0.23166247903553994,0.017159825972285492,0.16724930548302308,0.527342130341413,0.527342130341413,0.25166852264521167,0.2283875166123801,0,0
46,_BZ2_bzReadClose,0.05930672549470872,0.05473635753883732,0.23079890244756285,0.37948640483699236,0.2106990833943999,0.057216685407059376,0.06743807932211754,0.028645649528924344,0.032367250492109645,0.0915392795505392,0.07273504546570997,0.34192815293117473,0.07945169934506302,0.08379537172916252,0.08379537172916252,0.08003791100242919,0.10034062857331516,0.2049743632790293,0.08405630549779342,0.015228720137353102,0.0611504647607084,0.31531876252978686,0.5693853371418853,0.4102629122549081,0.17981608763264745,0.5783582535020244,0.03170803581894033,0.04801182742322185,0.6778234242305663,0.06755250986591355,0.015228720137353102,0.5174434574126834,0.020922401182961847,0.03417633471222081,0.5676545692526596,0.5907790285117959,0.2744429540574679,0.3353520655110055,0.11490696869647632,0.2659271778747956,0.2744429540574679,0.4007229662428492,0.5766472216738998,0.015228720137353102,0.9667309480076811,0.5382982454240434,0.5766471779011084,0.7523767135534369,0.3143779412164952,0.49626810850085445,0.3941270623402108,0.024868023575127407,0.3829110707943757,0.024868023575127407,0.09757390039631153,0.04234686045934399,0.015228720137353102,0.5609564302866694,0.07804030294665576,0.6676476122418342,0.10034062857331516,0.03875878816955369,0.03875878816955369,0.06743807932211754,0.09429660210350688,0,0
47,_BZ2_bzRead,0.1420108431298368,0.023807651407876107,0.3718041836278667,0.5683657202294943,0.4615004819024271,0.12869663805619802,0.1481630573656776,0.012078125712081111,0.013736813759859245,0.04115861313329161,0.16398072065005687,0.25148064488190847,0.17801359717785903,0.17785437365110923,0.17785437365110923,0.17786986659925585,0.2050500354725867,0.35529594801502484,0.18420965479922446,0.03785852081224106,0.02687151312155811,0.15150047716967419,0.2898175799703455,0.25560409692588304,0.3785190170476046,0.6019301557593086,0.078456328497714,0.018325030931109598,0.44507465628739185,0.02755177053631841,0.03974076874309462,0.48040501108938094,0.051503094744417055,0.08174816915102712,0.6827193315186944,0.2990239084481041,0.41607864744095424,0.6238815434339655,0.24846658489869244,0.11377133379749171,0.41607864744095424,0.7994861669869325,0.7701559976316625,0.03785852081224106,0.5119614457037733,0.9505045584951141,0.6607570000355432,0.6716282920576111,0.600042857396273,0.30731277432540693,0.23200592022972544,0.05814638410572592,0.24324499184021986,0.05814638410572592,0.21258368633015368,0.10476815168884923,0.03974076874309462,0.5319995054448061,0.16581633117589434,0.47232869947136424,0.2050500354725867,0.08470273897465264,0.08470273897465264,0.1481630573656776,0.2007284518550293,0,0
48,_BZ2_bzReadGetUnused,0.10974691386237934,0.02455346983627371,0.3176641259489733,0.4589216459777974,0.3155708291257072,0.11471549300574924,0.13309303968844588,0.012784396547790844,0.014399949599459227,0.04231599454154367,0.13616790804606393,0.24739994702910095,0.14940908721261947,0.15985063930282883,0.15985063930282883,0.1500922253251311,0.1848535982123084,0.3134504566082994,0.15808238527253404,0.033312871405168365,0.027100203328432437,0.16020543000225074,0.37861931782358627,0.2417902846272284,0.2948979110110872,0.4958585723927532,0.07255467184029196,0.02258024282001303,0.5747927237771367,0.031116423314894837,0.03280661992841627,0.3933035841524293,0.045181559370726654,0.0676208247349035,0.6572391927912071,0.330685962121417,0.4336806554542466,0.4884835659844289,0.20400600868337804,0.13065626374237227,0.4336806554542466,0.5319693852695638,0.7548417067276346,0.033312871405168365,0.5814522105927142,0.6622248272026288,0.9392070084171322,0.7057826549715969,0.5484630416220323,0.3225587667929285,0.2444282280548662,0.05654737559832668,0.2354854811678012,0.05654737559832668,0.19466230483016156,0.07796321767922743,0.03280661992841627,0.6524901515832304,0.17095589622283114,0.6173426523730119,0.1848535982123084,0.07943104049741123,0.07943104049741123,0.13309303968844588,0.18101788228177917,0,0
49,_BZ2_bzBuffToBuffCompress,0.09506064910342094,0.03574081304720522,0.3106796112733047,0.46276512337596887,0.31250957201716634,0.09020465875033612,0.1046520686303517,0.01837636220339023,0.020794858817814732,0.06097568133283504,0.11025497796010919,0.30396480007133864,0.12493752808018788,0.12792301715703724,0.12792301715703724,0.12337710603402674,0.1505824957537799,0.2807917737413749,0.1305271333688942,0.025569126632395633,0.039170747410552265,0.22027558795275748,0.4375037042300942,0.3143492065618788,0.25952868366333415,0.5844648177277567,0.052799315761139054,0.029942170086559083,0.6188559384223214,0.04273715024397029,0.026078100745661748,0.47567234064423725,0.03422248983879694,0.055276489494917924,0.6660199626118332,0.4127417556355192,0.3363159884536594,0.45810096914287646,0.17305636758368925,0.1761991122127523,0.3363159884536594,0.5727017641741217,0.7748240110958122,0.025569126632395633,0.7275863671575311,0.710279915055372,0.7112650970937588,0.9557973223932534,0.465024520970981,0.4078941452215681,0.31241934256159365,0.040984757465785115,0.31204013465688774,0.040984757465785115,0.15243180209765572,0.06822040986143862,0.026078100745661748,0.6044573715931871,0.11494803709748469,0.6395103315164067,0.1505824957537799,0.059234382149498055,0.059234382149498055,0.1046520686303517,0.14354882944755887,0,0
50,_BZ2_bzBuffToBuffDecompress,0.22293363226183183,0.011215066782265803,0.337811408851872,0.42450986483180697,0.5261493286221445,0.2051236651134899,0.2300955337660201,0.0057871347245317395,0.0065318477953746346,0.019624883753601052,0.25217245866902405,0.14494163006409666,0.2737559836712159,0.2604787805956261,0.2604787805956261,0.26036146778781,0.28296731598202796,0.3806276977726516,0.2595825049335695,0.07462634915296851,0.012234766471234226,0.07514181842805079,0.17932035293816606,0.1259027260746366,0.4507864387613518,0.3340899197531183,0.16394060518578912,0.009453848686310828,0.3009836562526431,0.013437696129549592,0.07462634915296851,0.2630143071359551,0.09734845530844616,0.16006566415996792,0.4740303058474561,0.1591806570222729,0.4717256272285062,0.5865655753699809,0.3359360467114596,0.05803809557956152,0.4717256272285062,0.6322529156119123,0.5887488531805882,0.07462634915296851,0.3088297170384864,0.5830865238919853,0.5732513819148783,0.4460370032862635,1,0.17350821195403598,0.12883674408045798,0.11658517965696313,0.12908727851034063,0.11658517965696313,0.36191509691478774,0.17075986625659378,0.07462634915296851,0.4007942367226154,0.3060994815819704,0.33071282726708007,0.28296731598202796,0.1480988590518405,0.1480988590518405,0.2300955337660201,0.3009737050489615,0,0
51,_BZ2_bzopen,0.04296127380055759,0.1291556763505397,0.27227555210193566,0.3455317221256752,0.13239801444559762,0.047601570832740636,0.06262597357571609,0.06774065911910954,0.0772001934520119,0.21561281413848699,0.06893548872552047,0.7001378045884915,0.06468165851161467,0.08167809032663609,0.08167809032663609,0.07553912003068974,0.1009469254237757,0.22094561753710273,0.07852375653794763,0.010793248045465775,0.1367063533372499,0.5230249371283493,0.45765886627194163,0.7355502363384236,0.14913129627815402,0.41423413780599805,0.018437865116761376,0.06896389202877706,0.4316297982829356,0.10446058424705418,0.012371053032734003,0.36321261262812143,0.014835603942774833,0.022515240195500108,0.358740688166199,0.45741718493531003,0.17522829672603457,0.20998753511111923,0.09770300998214354,0.3212477148243533,0.17522829672603457,0.25198564695058034,0.3356379435652289,0.010793248045465775,0.5030301340208198,0.31176765514468496,0.31380365570220625,0.42046506537118733,0.17310646337273616,0.9777700618201886,0.7952887807043034,0.015533178935925873,0.6998970551110922,0.015533178935925873,0.06913026826510427,0.038141535829972706,0.012371053032734003,0.5005198127931093,0.0440033091331441,0.40833236926154315,0.1009469254237757,0.02509296206546996,0.02509296206546996,0.06262597357571609,0.0778490248554442,0,0
52,_bzopen_or_bzdopen,0.031181644938233832,0.16972634928131858,0.23369642814641722,0.25997808576781056,0.09914061362810278,0.037224800021680826,0.05214828851786124,0.09158317025960128,0.10319642651191752,0.28034063696306555,0.05224411301259324,0.7481405078044148,0.048336896481899094,0.07046182452102301,0.07046182452102301,0.060645313221437847,0.0890492293762214,0.1878064979541879,0.06284536299882959,0.008168781004437409,0.1658852903196767,0.5450486102440291,0.3923191586286381,0.6989212730118237,0.10613557488867753,0.3386264777642535,0.013831194206375463,0.08292855445790248,0.3592855927872246,0.1239230929125873,0.008632238092788347,0.31881631225577156,0.01145344800430037,0.016384171892369404,0.25595086465395445,0.41484557504724806,0.12884477607964162,0.16268921162701133,0.06879433847113281,0.3415195804260889,0.12884477607964162,0.18542268571946396,0.24590843062796974,0.008168781004437409,0.395069212802433,0.237455837725714,0.23737088440221765,0.32407201745273273,0.12879489591396753,0.7952990269020892,0.9929344591887014,0.011442841468273679,0.8259627298994611,0.011442841468273679,0.04939316604109345,0.028684751904343497,0.008632238092788347,0.41887040870678627,0.03253714665254026,0.3363461471369875,0.0890492293762214,0.01930493356812335,0.01930493356812335,0.05214828851786124,0.0599823453384849,0,0
53,_BZ2_bzdopen,0.36655002502511946,0.0009959577010006937,0.07251131717609871,0.05613999551400639,0.1388377117588735,0.37574681510650565,0.29676286505523675,0.0005135525769778271,0.0005810389972097374,0.0017749714928004812,0.2835654011859956,0.01590498459141454,0.2725146271947043,0.23818624914369135,0.23818624914369135,0.2593550529230434,0.19545533413759075,0.10109296749718699,0.21000313821535,0.6821627548042177,0.0010192626618058531,0.005890861258408542,0.013810683120480616,0.011084576998895646,0.12849590973644776,0.02756751564131721,0.5358983848622454,0.0006545301314236918,0.024618251765528454,0.0009763595137647352,0.4494897427831782,0.020774837260341683,0.5358983848622454,0.5431497482521435,0.0508708747981792,0.011594234084414845,0.08546892680253126,0.07244414782794761,0.16569608892257148,0.004102332183057111,0.08546892680253126,0.07527557967036669,0.05741247665458238,0.6821627548042177,0.024405928371079022,0.0555011559381664,0.05857739264322592,0.03861409697298135,0.11658517965696313,0.015522305683758897,0.011410767689167711,1,0.011843615075372016,1,0.3332985815103481,0.3736421366687681,0.4494897427831782,0.04318763599957787,0.3580183590910071,0.02774910782941742,0.19545533413759075,0.5148252853104156,0.5148252853104156,0.29676286505523675,0.2855895596134931,0,0
54,_BZ2_bzread,0.03478215533396245,0.1586520348043099,0.2628869118022755,0.26576920551511507,0.1148043028382646,0.043629479269242766,0.06108412215723147,0.0861277671742029,0.09604110539985056,0.2625160694678722,0.054265906516427154,0.7710713631546593,0.056070156901844914,0.08255432968828669,0.08255432968828669,0.0693524775063944,0.10426654108556588,0.2058521664077656,0.07380225378925953,0.009290494156684481,0.14256058207479105,0.4692502641434937,0.3687272733772643,0.649465691207605,0.10583899767546678,0.35932900918179256,0.014640614805187635,0.07375082795463339,0.34190135493019336,0.11004102525899961,0.009947553103411999,0.35808806063438636,0.012868107048525701,0.017952359824311315,0.27770981595503896,0.41226644054410755,0.13404872916398203,0.17767956085212544,0.07023750621187586,0.3146734449796329,0.13404872916398203,0.2088329105331712,0.2541501851465493,0.009290494156684481,0.39325310614175224,0.2585629025815437,0.23625191480064966,0.32956400262121144,0.13458380233551426,0.6990501376866204,0.8119155840660257,0.012488910984771007,0.9672642569286983,0.012488910984771007,0.052955140821305924,0.031316459160132704,0.009947553103411999,0.4176898061940314,0.03444171308584432,0.32393779556698,0.10426654108556588,0.021942875312358723,0.021942875312358723,0.06108412215723147,0.0679888300902749,0,0
55,_BZ2_bzwrite,0.36655002502511946,0.0009959577010006937,0.07251131717609871,0.05613999551400639,0.1388377117588735,0.37574681510650565,0.29676286505523675,0.0005135525769778271,0.0005810389972097374,0.0017749714928004812,0.2835654011859956,0.01590498459141454,0.2725146271947043,0.23818624914369135,0.23818624914369135,0.2593550529230434,0.19545533413759075,0.10109296749718699,0.21000313821535,0.6821627548042177,0.0010192626618058531,0.005890861258408542,0.013810683120480616,0.011084576998895646,0.12849590973644776,0.02756751564131721,0.5358983848622454,0.0006545301314236918,0.024618251765528454,0.0009763595137647352,0.4494897427831782,0.020774837260341683,0.5358983848622454,0.5431497482521435,0.0508708747981792,0.011594234084414845,0.08546892680253126,0.07244414782794761,0.16569608892257148,0.004102332183057111,0.08546892680253126,0.07527557967036669,0.05741247665458238,0.6821627548042177,0.024405928371079022,0.0555011559381664,0.05857739264322592,0.03861409697298135,0.11658517965696313,0.015522305683758897,0.011410767689167711,1,0.011843615075372016,1,0.3332985815103481,0.3736421366687681,0.4494897427831782,0.04318763599957787,0.3580183590910071,0.02774910782941742,0.19545533413759075,0.5148252853104156,0.5148252853104156,0.29676286505523675,0.2855895596134931,0,0
56,_BZ2_bzflush,0.5143169023642238,0.004430491990314311,0.2817011370334771,0.2545298988803285,0.38531218062549877,0.6030978052856559,0.5679574439879402,0.0021944344090240042,0.0025042775545901508,0.007851024914581783,0.6460566826899253,0.06697689830365083,0.6794019007175187,0.507404438113705,0.507404438113705,0.6131401974831584,0.4490491724598058,0.3516689510597101,0.5712819245487382,0.24044453606092742,0.004705912771367449,0.027315213791468174,0.0577208056754982,0.05314001985382877,0.48291566657355245,0.10594154993427796,0.34359524346885384,0.002755291339209265,0.0899360003723183,0.00410393763709449,0.29113990698396175,0.07821667764887075,0.27431723732720004,0.4044475466155475,0.2042389684709749,0.044556893366788364,0.32221081728342116,0.2577098894591472,0.5723114423926537,0.017699424701957733,0.32221081728342116,0.27367241558651934,0.22270470901431616,0.24044453606092742,0.09688096596649187,0.200403193616141,0.20204778707614335,0.14217500466145216,0.36191509691478774,0.0693232422686264,0.049526655885322346,0.3332985815103481,0.05036515371458461,0.3332985815103481,1,0.5667575012092974,0.29113990698396175,0.1643066997428686,0.5285907602783898,0.10066711270783424,0.4490491724598058,0.3684459576872099,0.3684459576872099,0.5679574439879402,0.6753053570074372,0,0
57,_BZ2_bzclose,0.526324544650861,0.0028169581310083514,0.19504855778064956,0.1549098156715124,0.2690588480615512,0.6148296117852735,0.5405231786569591,0.0013972957492307536,0.0015973776134526885,0.004999380969458289,0.6365945619875063,0.04339810885097872,0.5915022150384623,0.4478422202284327,0.4478422202284327,0.5550947906822545,0.3754200518211982,0.24791827025562685,0.48446337779155724,0.36586292400589837,0.002888253378928729,0.014411390003414293,0.02472422057133028,0.031640110907706576,0.321564615175595,0.05274049026264016,0.3218345439752258,0.0012546734704645957,0.03555400568598166,0.0019319416568537306,0.4407436665979799,0.04191663679291746,0.3761785115301143,0.5256208134752559,0.09957161635294876,0.018426847583780548,0.1915300435729279,0.14205443663090989,0.43420672627501244,0.007813015026064019,0.1915300435729279,0.14829014309297406,0.1035699842238591,0.36586292400589837,0.04198784632424435,0.09656849432782355,0.08306748851710244,0.06285585492156764,0.17075986625659378,0.03853307922569227,0.028787198637905353,0.3736421366687681,0.02987829027670741,0.3736421366687681,0.5667575012092974,1,0.4407436665979799,0.08070571492421941,0.32744629262377944,0.0404341418333225,0.3754200518211982,0.4359239251822338,0.4359239251822338,0.5405231786569591,0.5251160510287337,0,0
58,_BZ2_bzerror,0.27312787618583134,0.0008820305376393556,0.07240390074593284,0.05395737740736395,0.10644481137483075,0.36435011619153723,0.2788897449072022,0.0004320811874145569,0.0004903957133964854,0.001558677943743092,0.2946661793642723,0.013491088786786176,0.32718431277568216,0.20332550311868713,0.20332550311868713,0.2614330998963238,0.15739392463172952,0.08601433994943941,0.25448401732747095,0.5,0.0009127570289788611,0.0047557794338699555,0.010203489454754244,0.010162042715064157,0.13346968282648086,0.02105339144997498,0.41421356237309503,0.00043528949885007773,0.015097941823427274,0.00064141992718314,1,0.01618149661840862,0.41421356237309503,0.4492395754137526,0.04082119735917089,0.00724149629347226,0.07359731900617572,0.054881622294259746,0.2123660622414092,0.002865714876943093,0.07359731900617572,0.06145827756899347,0.03926973242628784,0.5,0.015394441602547215,0.03688433548962622,0.03392331770245216,0.023726416110232185,0.07462634915296851,0.01235786651108639,0.008675471377697419,0.4494897427831782,0.009423242624370332,0.4494897427831782,0.29113990698396175,0.4407436665979799,1,0.026644359036037457,0.23166247903553994,0.01730963775183525,0.15739392463172952,0.2989350844248255,0.2989350844248255,0.2788897449072022,0.2479251810533546,0,0
59,_add_pair_to_block,0.10652608331882552,0.038080649097691044,0.45716939724749284,0.5536356277994838,0.30057618009980114,0.12746058815741423,0.1612007299827235,0.019879264672866603,0.022450650852896548,0.06581127460235192,0.1623350780294628,0.39927921518667486,0.15935848961208976,0.20316477501868935,0.20316477501868935,0.18205459280397662,0.24239229796937978,0.44076341221164217,0.18536223509634286,0.031321828496605364,0.03907940991283243,0.19801709356273123,0.3652287616512837,0.32818530602829155,0.3103524376514196,0.47986789116385475,0.06097251725580455,0.025744026151917176,0.5271435551427265,0.03671300952943379,0.030422405673776964,0.3753481536328087,0.042580454507474386,0.062426077173536765,0.6013172029393347,0.32009913713492966,0.42270401972697125,0.43820095699910944,0.21293739197545125,0.14002500942785745,0.42270401972697125,0.47576310809464195,0.6578480116741268,0.031321828496605364,0.5466780133463358,0.5799853579607916,0.7294756831222446,0.6219000288194978,0.458388017986717,0.43476275368417017,0.35191052194649786,0.05098370424629417,0.3394112153182076,0.05098370424629417,0.18902824035073906,0.08955343040482666,0.030422405673776964,0.8939586373905074,0.15118830308957154,0.5585025562259996,0.24239229796937978,0.07811189363462967,0.07811189363462967,0.1612007299827235,0.2015537983230179,0,0
60,_ioError,0.3094866668800068,0.0026709892020102544,0.15340652575863012,0.16113445465419618,0.2570661487766809,0.4022161352507615,0.37367627474946075,0.0013861930302773162,0.0015587635693044,0.004731005753190742,0.3962866467222588,0.04064689517062048,0.3751785950274993,0.3312756976852409,0.3312756976852409,0.3544891634191919,0.2928546974687053,0.20650087884409585,0.3326582691833131,0.23166247903553994,0.0029654147326845237,0.01858009874032085,0.04853367090696448,0.0356239615571875,0.29631123630302103,0.0954998407157831,0.4407436665979799,0.0023029130245642015,0.08335024240635414,0.0032542879848901363,0.23166247903553994,0.0760800854790431,0.26776157694336666,0.31844518374705366,0.14504053031410125,0.041107262268998745,0.2720876575708001,0.23356908517187924,0.32534898734991713,0.014252602109092849,0.2720876575708001,0.1896955942063251,0.16145078739150442,0.23166247903553994,0.07660509839790364,0.16140256034667266,0.1778446899444872,0.10962277684107347,0.3060994815819704,0.043957885505445216,0.03244275236597227,0.3580183590910071,0.032790906057114655,0.3580183590910071,0.5285907602783898,0.32744629262377944,0.23166247903553994,0.1276142191215206,1,0.09311907997105229,0.2928546974687053,0.3510520659732913,0.3510520659732913,0.37367627474946075,0.4088311433822389,0,0
61,_main.cold.1,0.05506154938744923,0.04407056481517935,0.22701630894496105,0.3436187791767683,0.2026355548160037,0.061904277391416795,0.07386620938408528,0.02331755955782977,0.026162209393074343,0.07380642322287168,0.07333643961345171,0.30476171663049056,0.08026029529447487,0.0919074836816477,0.0919074836816477,0.08315837093087175,0.10997572768139607,0.20110860717243628,0.09171684800648716,0.017159825972285492,0.04999483174467578,0.26419843211222016,0.5834756133692396,0.3450441081303529,0.17755057040904576,0.5721335167626038,0.042263397879171105,0.04359547816717113,0.8783798583884556,0.055991413961075986,0.01730963775183525,0.46388772375137854,0.02573393375691413,0.03244254474778552,0.46077196600271364,0.5006836989109971,0.2579619127892444,0.34974351470553755,0.12600093615903607,0.22473821867231458,0.2579619127892444,0.3596746738028769,0.5287831080827414,0.017159825972285492,0.6682621231642721,0.495497222060337,0.599288745430441,0.6612893506019576,0.33071282726708007,0.4048812906962652,0.33593860416674726,0.02774910782941742,0.3171789181257456,0.02774910782941742,0.10066711270783424,0.0404341418333225,0.01730963775183525,0.5585480867393195,0.09311907997105229,1,0.10997572768139607,0.04248857483924762,0.04248857483924762,0.07386620938408528,0.09644885919910196,0,0
62,_main.cold.2,0.3650452652813183,0.009618228016257113,0.5000670316791329,0.28464598972817257,0.3991775021735453,0.5502953846534652,0.7067166683715433,0.0050458871541665395,0.005613952772960729,0.016882271236384194,0.49589896412040557,0.13837786980660138,0.5423288088633964,0.8695523550459119,0.8695523550459119,0.6951931046978432,1,0.6082370449222521,0.6585089622806835,0.16724930548302308,0.008084991038582623,0.03705962827986353,0.06513351294571179,0.07943536454003897,0.357466753268495,0.1194560230241064,0.17253779651421453,0.004125440360390864,0.09823080959042485,0.005975644237747213,0.15739392463172952,0.09682351221853791,0.19997514953685291,0.23779821615442298,0.19472190310803517,0.05048425641369314,0.29167489945265446,0.24379374175990565,0.3980295407026333,0.02215445080338585,0.29167489945265446,0.25859881980277255,0.20587462575391935,0.16724930548302308,0.09979335355694108,0.19575570163327904,0.1907919939512861,0.14149087821457307,0.28296731598202796,0.10211420617834721,0.08894062360125088,0.19545533413759075,0.09867438060821587,0.19545533413759075,0.4490491724598058,0.3754200518211982,0.15739392463172952,0.2299139933680745,0.2928546974687053,0.10997572768139607,1,0.32909351362357264,0.32909351362357264,0.7067166683715433,0.654522006989122,0,0
63,_main.cold.3,0.3274227430469627,0.01177490160973671,0.5625423744608464,0.3145086126820632,0.41418647263383923,0.47183714935110566,0.6136173138305347,0.006203730605729207,0.0068964548226722044,0.020644144358618277,0.4387513766212068,0.16644435211358055,0.4780166997568025,0.7677359589882333,0.7677359589882333,0.6150766896191331,0.8950023540649426,0.6725319083658082,0.592962075315151,0.14097858083304138,0.009826218635960782,0.04425671672349485,0.07636419945771655,0.09438663426040372,0.3532980267474175,0.1375892645534339,0.14593533700330263,0.005000229714203552,0.11420633521389512,0.007227825908087349,0.12755555818439512,0.11294474810285515,0.17124659674476927,0.205477648418237,0.2164782525368102,0.059546071914553855,0.3064408424765046,0.2643702556893722,0.3701038892737115,0.026390288343911217,0.3064408424765046,0.2810881962997389,0.22892097406383471,0.14097858083304138,0.11556017804989749,0.21927757749645072,0.2131722334667876,0.1619933816545963,0.2978649469777158,0.12138661346912127,0.1073089556870227,0.1646066526304063,0.11908381527330203,0.1646066526304063,0.3994019885527248,0.3210958933298519,0.12755555818439512,0.2666069777799105,0.2604897765518146,0.12725725337988325,0.8950023540649426,0.28920528219011277,0.28920528219011277,0.6136173138305347,0.584511639134311,0,0
64,_BZ2_bz__AssertH__fail,0.5614617426688514,0.0019173208111860074,0.13033209107327504,0.10165681156773743,0.2581757508513087,0.5027471669973729,0.42094338220075955,0.0009873821871333455,0.001116396728915614,0.003411115336549919,0.37056331761553873,0.030183735554002222,0.3584286845676543,0.3758472891399033,0.3758472891399033,0.379143042354128,0.32909351362357264,0.1782765806104416,0.3009373440843487,0.527342130341413,0.0019090189682177128,0.009703137362284786,0.02381853167834347,0.020191613790500496,0.1846221443088213,0.04362527388254267,0.3218345439752258,0.0010985054440639797,0.03748574039747121,0.001507065766710558,0.2989350844248255,0.03715781923014627,0.502362604962437,0.5256208134752559,0.07996163323405536,0.018525998891128714,0.15685115699327135,0.10980831351031728,0.23747384729056153,0.006284218300037114,0.15685115699327135,0.10957906802763029,0.08369596785255495,0.527342130341413,0.037856768593597656,0.08073198251272307,0.08252922459549783,0.05530885931087082,0.1480988590518405,0.025292328059653202,0.01925644626946854,0.5148252853104156,0.020768966392622046,0.5148252853104156,0.3684459576872099,0.4359239251822338,0.2989350844248255,0.06678626419151701,0.3510520659732913,0.04248857483924762,0.32909351362357264,1,1,0.42094338220075955,0.4311725544486096,0,0