result,141909430458,0.9140646334450006
left,birthmark,bzip2-1.0.2,/Users/tamada/researches/2026snpd_tamada_experiments/experiments/experiment0/executables/bzip2-1.0.2,op-seq,2026-04-17T04:57:55.385904+00:00,4462500
right,birthmark,bzip2-1.0.1,/Users/tamada/researches/2026snpd_tamada_experiments/experiments/experiment0/executables/bzip2-1.0.1,op-seq,2026-04-17T04:57:54.745901+00:00,4045000
matrix,,entry,_mySIGSEGVorSIGBUScatcher,_addFlagsFromEnvVar,_snocString,_usage,_mySignalCatcher,_compress,_uncompress,_testf,_showFileNames,_cleanUpAndFail,_cadvise,_outOfMemory,_panic,_setInterimPermissions,_pad,_copyDatePermissionsAndOwner,_uInt64_toAscii,_configError,_crcError,_OUTLINED_FUNCTION_0,_OUTLINED_FUNCTION_1,_BZ2_blockSort,_fallbackSort,_mainGtU,_BZ2_hbMakeCodeLengths,_BZ2_hbAssignCodes,_BZ2_hbCreateDecodeTables,_BZ2_bsInitWrite,_BZ2_compressBlock,_bsPutUInt32,_BZ2_decompress,_BZ2_bzlibVersion,_BZ2_bzCompressInit,_default_bzalloc,_default_bzfree,_BZ2_bzCompress,_handle_compress,_BZ2_bzCompressEnd,_BZ2_bzDecompressInit,_BZ2_indexIntoF,_BZ2_bzDecompress,_BZ2_bzDecompressEnd,_BZ2_bzWriteOpen,_BZ2_bzWrite,_BZ2_bzWriteClose,_BZ2_bzWriteClose64,_BZ2_bzReadOpen,_BZ2_bzReadClose,_BZ2_bzRead,_BZ2_bzReadGetUnused,_BZ2_bzBuffToBuffCompress,_BZ2_bzBuffToBuffDecompress,_BZ2_bzopen,_bzopen_or_bzdopen,_BZ2_bzdopen,_BZ2_bzread,_BZ2_bzwrite,_BZ2_bzflush,_BZ2_bzclose,_BZ2_bzerror,_add_pair_to_block,_ioError,_compressedStreamEOF,_main.cold.2,_main.cold.3,_BZ2_bz__AssertH__fail
0,_fopen_output_safely,0.0035392535392535507,0.9804416403785489,0.01833976833976836,0.05212355212355213,0.01962676962676968,0.003217503217503248,0.0038610038610038533,0.40795765027322406,0.4113498992612492,0.41698841698841704,0.004826254826254872,0.06917631917631917,0.0045045045045044585,0.004826254826254872,0.004826254826254872,0.03957528957528955,0.005148005148005175,0.00579150579150578,0.013835263835263789,0.0045045045045044585,0.0006435006435006052,0.07130134546351352,0.157014157014157,0.043436293436293405,0.12451737451737455,0.01158301158301156,0.05341055341055345,0.0012870012870013214,0.054552416266978376,0.027027027027026973,0.062407395121519715,0.0006435006435006052,0.04665379665379665,0.0006435006435006052,0.001608751608751624,0.03217503217503215,0.0933075933075933,0.014800514800514808,0.016409266409266432,0.0061132561132560825,0.12258687258687262,0.014800514800514808,0.020592020592020588,0.027992277992277992,0.0006435006435006052,0.0427927927927928,0.025740025740025763,0.023487773487773533,0.031853281853281845,0.012870012870012881,0.09041184041184036,0.09942084942084939,0.0009652509652510188,0.09491634491634493,0.0009652509652510188,0.005469755469755477,0.0028957528957529455,0.0006435006435006052,0.03314028314028317,0.0035392535392535507,0.02413127413127414,0.00579150579150578,0.001608751608751624,0.0038610038610038533,0.00579150579150578,0,0
1,entry,0.1578947368421053,0.01798107255520509,1,0.14785992217898836,0.3285714285714286,0.17543859649122806,0.21052631578947367,0.009733606557377095,0.009570181329751515,0.03213077790304397,0.19298245614035092,0.21363636363636362,0.24561403508771928,0.26315789473684215,0.26315789473684215,0.1123188405797102,0.24561403508771928,0.3157894736842105,0.49122807017543857,0.24561403508771928,0.03508771929824561,0.0015619433864029197,0.0390625,0.05213270142180093,0.041568627450980444,0.1578947368421053,0.03862660944206009,0.03508771929824561,0.0011285316996493266,0.05701754385964908,0.001216302881532072,0.03508771929824561,0.10197368421052633,0.03508771929824561,0.08771929824561409,0.09589041095890416,0.04714142427281842,0.10526315789473684,0.08974358974358976,0.21052631578947367,0.02577319587628868,0.10526315789473684,0.15384615384615385,0.11258278145695366,0.03508771929824561,0.07958477508650519,0.1322314049586777,0.07476635514018692,0.10795454545454541,0.10526315789473684,0.10886075949367091,0.10148514851485146,0.03508771929824561,0.13262599469496017,0.03508771929824561,0.21052631578947367,0.14035087719298245,0.03508771929824561,0.19083969465648853,0.07017543859649122,0.041450777202072575,0.3157894736842105,0.08771929824561409,0.21052631578947367,0.2807017543859649,0,0
2,_mySIGSEGVorSIGBUScatcher,0.03891050583657585,0.05110410094637219,0.14785992217898836,1,0.1556420233463035,0.03891050583657585,0.04280155642023342,0.023565573770491843,0.029214237743452,0.07666290868094705,0.054474708171206254,0.17898832684824906,0.046692607003890996,0.05058365758754868,0.05058365758754868,0.22101449275362317,0.054474708171206254,0.05836575875486383,0.11284046692607008,0.05058365758754868,0.0077821011673151474,0.006028553421204119,0.1399147727272727,0.15165876777251186,0.14980392156862743,0.1245136186770428,0.16595135908440628,0.015564202334630295,0.004675345612833004,0.1245136186770428,0.00532961808089516,0.0077821011673151474,0.2203947368421053,0.015564202334630295,0.015564202334630295,0.21011673151750976,0.15045135406218657,0.1400778210116731,0.15953307392996108,0.08560311284046696,0.10360824742268038,0.1400778210116731,0.16731517509727623,0.16342412451361865,0.0077821011673151474,0.16262975778546718,0.19844357976653693,0.16342412451361865,0.1712062256809338,0.12062256809338523,0.22025316455696198,0.1955445544554455,0.0077821011673151474,0.22015915119363394,0.0077821011673151474,0.07003891050583655,0.035019455252918275,0.0077821011673151474,0.19844357976653693,0.046692607003890996,0.1556420233463035,0.05836575875486383,0.01945525291828798,0.04280155642023342,0.05836575875486383,0,0
3,_addFlagsFromEnvVar,0.15714285714285714,0.019242902208201906,0.3285714285714286,0.1556420233463035,1,0.1428571428571429,0.15714285714285714,0.010245901639344246,0.010577568838146423,0.033258173618940234,0.15714285714285714,0.17272727272727273,0.15714285714285714,0.19999999999999996,0.19999999999999996,0.10869565217391308,0.17142857142857137,0.24285714285714288,0.3571428571428571,0.17142857142857137,0.02857142857142858,0.001698955964157478,0.043323863636363646,0.06161137440758291,0.043921568627451,0.18571428571428572,0.045779685264663805,0.05714285714285716,0.0013703599210027617,0.08333333333333337,0.0013711050664543256,0.02857142857142858,0.11513157894736847,0.042857142857142816,0.0714285714285714,0.1643835616438356,0.054162487462387165,0.2142857142857143,0.14102564102564108,0.15714285714285714,0.02938144329896908,0.2142857142857143,0.19780219780219777,0.17880794701986757,0.02857142857142858,0.11764705882352944,0.1900826446280992,0.14953271028037385,0.15909090909090906,0.2571428571428571,0.09367088607594942,0.09405940594059403,0.042857142857142816,0.12997347480106103,0.042857142857142816,0.15714285714285714,0.11428571428571432,0.02857142857142858,0.20610687022900764,0.0714285714285714,0.10880829015544047,0.24285714285714288,0.0714285714285714,0.15714285714285714,0.18571428571428572,0,0
4,_snocString,0.36363636363636365,0.003154574132492094,0.17543859649122806,0.03891050583657585,0.1428571428571429,1,0.5833333333333333,0.0017076502732240595,0.00167897918065818,0.005636978579481422,0.4666666666666667,0.045454545454545414,0.6428571428571428,0.5333333333333333,0.5333333333333333,0.02898550724637683,0.5,0.4444444444444444,0.2325581395348837,0.5714285714285714,0.19999999999999996,0.0002740251555092277,0.007102272727272707,0.014218009478673022,0.007843137254901933,0.09756097560975607,0.007153075822603716,0.09999999999999998,0.00020152351779456623,0.00877192982456143,0.00019903138061438952,0.19999999999999996,0.023026315789473673,0.19999999999999996,0.19999999999999996,0.04109589041095896,0.010030090270812475,0.10526315789473684,0.0641025641025641,0.16666666666666663,0.004639175257731942,0.10526315789473684,0.06593406593406592,0.04635761589403975,0.19999999999999996,0.02422145328719727,0.04958677685950408,0.028037383177570097,0.03409090909090906,0.06000000000000005,0.020253164556962022,0.022277227722772297,0.19999999999999996,0.02652519893899208,0.19999999999999996,0.368421052631579,0.5,0.19999999999999996,0.06106870229007633,0.1428571428571429,0.015544041450777257,0.4444444444444444,0.30000000000000004,0.5833333333333333,0.5,0,0
5,_usage,0.16666666666666663,0.003785488958990557,0.21052631578947367,0.04280155642023342,0.15714285714285714,0.5833333333333333,1,0.002049180327868827,0.002014775016789816,0.006764374295377684,0.5333333333333333,0.054545454545454564,0.5,0.8,0.8,0.03260869565217395,0.75,0.6666666666666667,0.2790697674418605,0.5714285714285714,0.16666666666666663,0.0003288301866111176,0.008522727272727293,0.011848341232227444,0.009411764705882342,0.09756097560975607,0.007153075822603716,0.08333333333333337,0.00024182822135343507,0.00877192982456143,0.0002432605763064144,0.16666666666666663,0.02631578947368418,0.16666666666666663,0.16666666666666663,0.04109589041095896,0.011033099297893645,0.08771929824561409,0.05128205128205132,0.16666666666666663,0.005154639175257714,0.08771929824561409,0.06593406593406592,0.039735099337748325,0.16666666666666663,0.02768166089965396,0.04958677685950408,0.028037383177570097,0.03409090909090906,0.06000000000000005,0.025316455696202556,0.024752475247524774,0.16666666666666663,0.03183023872679047,0.16666666666666663,0.3157894736842105,0.33333333333333337,0.16666666666666663,0.06870229007633588,0.1428571428571429,0.015544041450777257,0.6666666666666667,0.25,1,0.4444444444444444,0,0
6,_mySignalCatcher,0.002563505010487077,0.5094383593567933,0.013283616872523885,0.03216033558611042,0.014215800512700993,0.0023304591004428277,0.0027965509205313266,0.6729849726775956,0.5982202820685023,0.33348869727336283,0.003495688650664186,0.05010487065951996,0.0032626427406199365,0.003495688650664186,0.003495688650664186,0.02516895828478205,0.0037287345607084355,0.004194826380797045,0.010020974131903948,0.0032626427406199365,0.00046609182008860994,0.10771928863069635,0.11092985318107662,0.027965509205313488,0.0841295735259846,0.007457469121416871,0.03285947331624328,0.0006991377301328594,0.0802668171375599,0.01701235143323232,0.08839204759061459,0.00046609182008860994,0.03379165695642039,0.0006991377301328594,0.0011652295502213583,0.019342810533675148,0.06385457935213235,0.010020974131903948,0.010487065951992558,0.004194826380797045,0.08669307853647168,0.010020974131903948,0.013516662782568134,0.018876718713586538,0.00046609182008860994,0.028664646935446236,0.01584712188301096,0.014448846422745243,0.021207177814029365,0.007457469121416871,0.05942670706129105,0.07014681892332786,0.0006991377301328594,0.06618503845257517,0.0006991377301328594,0.003961780470752685,0.002097413190398467,0.00046609182008860994,0.021440223724073615,0.0018643672803542177,0.014914938242833853,0.004194826380797045,0.0011652295502213583,0.0027965509205313266,0.004194826380797045,0,0
7,_compress,0.0026640833131509334,0.505449261322354,0.013804795349963705,0.040445628481472484,0.015257931702591376,0.002421893921046303,0.0029062727052555637,0.5447404371584699,0.6269308260577569,0.39767498183579564,0.0036328408815693436,0.05255509808670378,0.0033906514894647133,0.0036328408815693436,0.0036328408815693436,0.031484620973601385,0.003875030273673974,0.0043594090578832345,0.010414143860498881,0.0033906514894647133,0.0004843787842092606,0.09755295536130215,0.12763380963913784,0.0348752724630661,0.09784451441026887,0.00847662872366195,0.04407846936304194,0.0009687575684185212,0.07353593164322281,0.023734560426253326,0.08233264778080007,0.0004843787842092606,0.03947687091305396,0.0007265681763138909,0.0012109469605231515,0.025187696778881108,0.07289900702349239,0.011140712036812772,0.013320416565754445,0.004843787842092495,0.10002421893921043,0.011140712036812772,0.016468878663114528,0.024218939210462587,0.0004843787842092606,0.03753935577621703,0.019617340760474722,0.0186485831920562,0.02664083313150889,0.00944538629208036,0.07168806006296924,0.07822717364979415,0.0007265681763138909,0.07362557519980628,0.0007265681763138909,0.0043594090578832345,0.0021797045289416728,0.0004843787842092606,0.025914264955195,0.0026640833131509334,0.020101719544683982,0.0043594090578832345,0.0012109469605231515,0.0029062727052555637,0.0043594090578832345,0,0
8,_uncompress,0.00649350649350644,0.39621451104100947,0.03364817001180642,0.08205430932703661,0.0354191263282172,0.005903187721369552,0.00708382526564344,0.23855874316939896,0.25990597716588315,0.8207440811724915,0.008854781582054327,0.12514757969303425,0.008264462809917328,0.008854781582054327,0.008854781582054327,0.06788665879574973,0.009445100354191216,0.010625737898465215,0.025383707201888983,0.008264462809917328,0.0011806375442738881,0.04041871043761813,0.2024793388429752,0.06611570247933884,0.17532467532467533,0.02007083825265643,0.0826446280991735,0.0023612750885477762,0.0294828906533392,0.0478158205430933,0.03381322010659238,0.0011806375442738881,0.0826446280991735,0.0011806375442738881,0.002951593860684776,0.05489964580873674,0.13872491145218413,0.025974025974025983,0.031286894923258535,0.011216056670602104,0.1319587628865979,0.025974025974025983,0.0365997638724912,0.05076741440377808,0.0011806375442738881,0.06788665879574973,0.044273907910271526,0.04073199527744986,0.05548996458087363,0.022432113341204207,0.15289256198347112,0.17650531286894922,0.0017709563164108877,0.15820543093270367,0.0017709563164108877,0.010625737898465215,0.005312868949232552,0.0011806375442738881,0.05548996458087363,0.00649350649350644,0.04014167650531286,0.010625737898465215,0.002951593860684776,0.00708382526564344,0.010625737898465215,0,0
9,_testf,0.2666666666666667,0.004731861198738141,0.19298245614035092,0.054474708171206254,0.15714285714285714,0.4666666666666667,0.5333333333333333,0.0025614754098360892,0.00251846877098727,0.008455467869222133,1,0.05909090909090908,0.6,0.33333333333333337,0.33333333333333337,0.04347826086956519,0.4375,0.2777777777777778,0.2558139534883721,0.4,0.1333333333333333,0.00041103773326389703,0.009943181818181768,0.023696682464455,0.01098039215686275,0.19512195121951215,0.01573676680972813,0.1333333333333333,0.0002821329249123039,0.030701754385964897,0.00030960436984450723,0.1333333333333333,0.03289473684210531,0.1333333333333333,0.2666666666666667,0.0547945205479452,0.014042126379137376,0.1228070175438597,0.08974358974358976,0.20833333333333337,0.006701030927835028,0.1228070175438597,0.09890109890109888,0.06622516556291391,0.1333333333333333,0.03806228373702425,0.07438016528925617,0.03738317757009346,0.045454545454545414,0.09999999999999998,0.032911392405063244,0.02970297029702973,0.1333333333333333,0.03448275862068961,0.1333333333333333,0.21052631578947367,0.2666666666666667,0.1333333333333333,0.06870229007633588,0.1333333333333333,0.020725388601036232,0.2777777777777778,0.19999999999999996,0.5333333333333333,0.2222222222222222,0,0
10,_showFileNames,0.06666666666666665,0.04668769716088328,0.31333333333333335,0.2023346303501945,0.21999999999999997,0.06666666666666665,0.07999999999999996,0.025273224043715792,0.02501678979180655,0.08229988726042836,0.08666666666666667,0.6681818181818182,0.08666666666666667,0.09999999999999998,0.09999999999999998,0.17028985507246375,0.10666666666666669,0.12,0.2866666666666666,0.09333333333333338,0.013333333333333308,0.004028169785986302,0.09375,0.06398104265402849,0.0980392156862745,0.12,0.06723891273247495,0.013333333333333308,0.003002700415138393,0.08771929824561409,0.003184502089829455,0.013333333333333308,0.21052631578947367,0.013333333333333308,0.026666666666666616,0.07333333333333336,0.10932798395185561,0.12,0.08666666666666667,0.08666666666666667,0.06804123711340204,0.12,0.09999999999999998,0.06622516556291391,0.013333333333333308,0.10726643598615915,0.10666666666666669,0.08666666666666667,0.10227272727272729,0.07999999999999996,0.2632911392405063,0.301980198019802,0.013333333333333308,0.28116710875331563,0.013333333333333308,0.07999999999999996,0.06000000000000005,0.013333333333333308,0.19333333333333336,0.033333333333333326,0.051813471502590636,0.12,0.033333333333333326,0.07999999999999996,0.11333333333333329,0,0
11,_cleanUpAndFail,0.3571428571428571,0.004416403785488909,0.24561403508771928,0.046692607003890996,0.15714285714285714,0.6428571428571428,0.5,0.0023907103825137055,0.002350570852921452,0.007891770011273946,0.6,0.05909090909090908,1,0.4666666666666667,0.4666666666666667,0.04347826086956519,0.4375,0.38888888888888884,0.3023255813953488,0.5714285714285714,0.1428571428571429,0.00038363521771300757,0.009232954545454586,0.018957345971563955,0.010196078431372602,0.14634146341463417,0.012875536480686733,0.1428571428571429,0.0002619805731328695,0.013157894736842146,0.00026537517415248235,0.1428571428571429,0.03289473684210531,0.1428571428571429,0.3571428571428571,0.06849315068493156,0.012036108324974926,0.1228070175438597,0.07692307692307687,0.20833333333333337,0.005670103092783485,0.1228070175438597,0.10989010989010994,0.05960264900662249,0.1428571428571429,0.03806228373702425,0.07438016528925617,0.03738317757009346,0.0625,0.12,0.027848101265822822,0.027227722772277252,0.1428571428571429,0.03448275862068961,0.1428571428571429,0.26315789473684215,0.3571428571428571,0.1428571428571429,0.07633587786259544,0.0714285714285714,0.020725388601036232,0.38888888888888884,0.2142857142857143,0.5,0.38888888888888884,0,0
12,_cadvise,0.2666666666666667,0.004731861198738141,0.26315789473684215,0.05058365758754868,0.19999999999999996,0.5333333333333333,0.8,0.0025614754098360892,0.00251846877098727,0.008455467869222133,0.33333333333333337,0.06818181818181823,0.4666666666666667,1,1,0.03985507246376807,0.75,0.8333333333333334,0.34883720930232553,0.5333333333333333,0.1333333333333333,0.00041103773326389703,0.01065340909090906,0.011848341232227444,0.0117647058823529,0.09756097560975607,0.007153075822603716,0.06666666666666665,0.0003022852766917383,0.00877192982456143,0.00030960436984450723,0.1333333333333333,0.02960526315789469,0.1333333333333333,0.1333333333333333,0.04109589041095896,0.014042126379137376,0.08771929824561409,0.05128205128205132,0.125,0.006185567010309256,0.08771929824561409,0.06593406593406592,0.04635761589403975,0.1333333333333333,0.03114186851211076,0.05785123966942152,0.028037383177570097,0.03977272727272729,0.06000000000000005,0.03037974683544309,0.02970297029702973,0.1333333333333333,0.03978779840848812,0.1333333333333333,0.368421052631579,0.2666666666666667,0.1333333333333333,0.09160305343511455,0.06666666666666665,0.015544041450777257,0.8333333333333334,0.2666666666666667,0.8,0.4444444444444444,0,0
13,_outOfMemory,0.2666666666666667,0.004731861198738141,0.26315789473684215,0.05058365758754868,0.19999999999999996,0.5333333333333333,0.8,0.0025614754098360892,0.00251846877098727,0.008455467869222133,0.33333333333333337,0.06818181818181823,0.4666666666666667,1,1,0.03985507246376807,0.75,0.8333333333333334,0.34883720930232553,0.5333333333333333,0.1333333333333333,0.00041103773326389703,0.01065340909090906,0.011848341232227444,0.0117647058823529,0.09756097560975607,0.007153075822603716,0.06666666666666665,0.0003022852766917383,0.00877192982456143,0.00030960436984450723,0.1333333333333333,0.02960526315789469,0.1333333333333333,0.1333333333333333,0.04109589041095896,0.014042126379137376,0.08771929824561409,0.05128205128205132,0.125,0.006185567010309256,0.08771929824561409,0.06593406593406592,0.04635761589403975,0.1333333333333333,0.03114186851211076,0.05785123966942152,0.028037383177570097,0.03977272727272729,0.06000000000000005,0.03037974683544309,0.02970297029702973,0.1333333333333333,0.03978779840848812,0.1333333333333333,0.368421052631579,0.2666666666666667,0.1333333333333333,0.09160305343511455,0.06666666666666665,0.015544041450777257,0.8333333333333334,0.2666666666666667,0.8,0.4444444444444444,0,0
14,_panic,0.2727272727272727,0.00220820189274451,0.10526315789473684,0.01945525291828798,0.0714285714285714,0.19999999999999996,0.16666666666666663,0.0011953551912567972,0.001175285426460726,0.003945885005636973,0.1333333333333333,0.027272727272727226,0.1428571428571429,0.19999999999999996,0.19999999999999996,0.021739130434782594,0.25,0.16666666666666663,0.09302325581395354,0.0714285714285714,0.2857142857142857,0.00019181760885644827,0.004971590909090939,0.009478672985781977,0.005490196078431375,0.04878048780487809,0.005722460658083017,0.1428571428571429,0.00014106646245615195,0.00877192982456143,0.00011057298923022874,0.1428571428571429,0.016447368421052655,0.2857142857142857,0.2857142857142857,0.03424657534246578,0.006018054162487463,0.08771929824561409,0.05128205128205132,0.08333333333333337,0.002577319587628857,0.08771929824561409,0.05494505494505497,0.0331125827814569,0.2857142857142857,0.01730103806228378,0.04132231404958675,0.04672897196261683,0.022727272727272707,0.07999999999999996,0.012658227848101222,0.012376237623762387,0.2857142857142857,0.018567639257294433,0.2857142857142857,0.26315789473684215,0.33333333333333337,0.1428571428571429,0.03816793893129766,0.0714285714285714,0.020725388601036232,0.16666666666666663,0.4285714285714286,0.16666666666666663,0.2777777777777778,0,0
15,_uInt64_toAscii,0.15625,0.009463722397476393,0.2807017543859649,0.0933852140077821,0.18571428571428572,0.25,0.28125,0.005464480874316946,0.005372733378106065,0.018038331454340528,0.25,0.11363636363636365,0.3125,0.3125,0.3125,0.07608695652173914,0.3125,0.3125,0.3023255813953488,0.25,0.0625,0.000876880497629684,0.022727272727272707,0.033175355450236976,0.02352941176470591,0.14634146341463417,0.025751072961373356,0.0625,0.0006448752569424565,0.06578947368421051,0.0006855525332272183,0.0625,0.0625,0.0625,0.09375,0.0821917808219178,0.029087261785356033,0.14035087719298245,0.15384615384615385,0.1875,0.013917525773195827,0.14035087719298245,0.1208791208791209,0.07284768211920534,0.0625,0.05882352941176472,0.11570247933884292,0.04672897196261683,0.06818181818181823,0.09999999999999998,0.0582278481012658,0.054455445544554504,0.0625,0.06631299734748008,0.0625,0.25,0.21875,0.0625,0.15267175572519087,0.125,0.04663212435233166,0.3125,0.15625,0.28125,0.28125,0,0
16,_configError,0.18604651162790697,0.01356466876971607,0.368421052631579,0.0933852140077821,0.27142857142857146,0.13953488372093026,0.18604651162790697,0.007342896174863389,0.007219610476830063,0.024239007891770026,0.18604651162790697,0.1636363636363637,0.13953488372093026,0.2558139534883721,0.2558139534883721,0.08333333333333337,0.2325581395348837,0.32558139534883723,0.37209302325581395,0.16279069767441856,0.046511627906976716,0.0011783081686899122,0.029829545454545414,0.026066350710900466,0.030588235294117694,0.023255813953488413,0.014306151645207432,0.023255813953488413,0.0008262464229575883,0.021929824561403466,0.0008624693159955399,0.046511627906976716,0.08881578947368418,0.046511627906976716,0.09302325581395354,0.09589041095890416,0.03610832497492478,0.10526315789473684,0.11538461538461542,0.11627906976744184,0.01907216494845365,0.10526315789473684,0.09890109890109888,0.06622516556291391,0.046511627906976716,0.04844290657439443,0.09090909090909094,0.05607476635514019,0.06818181818181823,0.06000000000000005,0.08101265822784809,0.07673267326732669,0.046511627906976716,0.09814323607427056,0.046511627906976716,0.2093023255813954,0.13953488372093026,0.023255813953488413,0.19083969465648853,0.046511627906976716,0.025906735751295318,0.32558139534883723,0.09302325581395354,0.18604651162790697,0.2325581395348837,0,0
17,_crcError,0.01158301158301156,0.056782334384858024,0.05920205920205923,0.14028314028314026,0.05662805662805659,0.012870012870012881,0.015444015444015413,0.030225409836065587,0.03643384822028206,0.09301014656144302,0.015444015444015413,0.09009009009009006,0.016731016731016735,0.018018018018018056,0.018018018018018056,0.24581724581724584,0.016731016731016735,0.020592020592020588,0.0424710424710425,0.016731016731016735,0.002574002574002532,0.009015427616255178,0.18963068181818177,0.157014157014157,0.14901960784313728,0.039897039897039854,0.13899613899613905,0.005148005148005175,0.010862117609125033,0.1364221364221364,0.011499590879939903,0.002574002574002532,0.12483912483912485,0.0038610038610038533,0.006435006435006385,0.07078507078507079,0.1664994984954865,0.03732303732303732,0.05791505791505791,0.02445302445302444,0.15515463917525774,0.03732303732303732,0.05534105534105538,0.09652509652509655,0.002574002574002532,0.13256113256113256,0.06949806949806947,0.07979407979407982,0.09909909909909909,0.041184041184041176,0.11583011583011582,0.13384813384813388,0.002574002574002532,0.13256113256113256,0.002574002574002532,0.019305019305019266,0.01029601029601035,0.002574002574002532,0.08751608751608753,0.014157014157014203,0.1145431145431145,0.020592020592020588,0.005148005148005175,0.015444015444015413,0.020592020592020588,0,0
18,_compressedStreamEOF,0.25,0.0050473186119873725,0.24561403508771928,0.054474708171206254,0.17142857142857137,0.5,0.75,0.002732240437158473,0.002686366689053088,0.009019165727170209,0.4375,0.07272727272727275,0.4375,0.75,0.75,0.04347826086956519,1,0.6111111111111112,0.32558139534883723,0.5,0.125,0.0004384402488147865,0.011363636363636354,0.018957345971563955,0.0117647058823529,0.1707317073170732,0.012875536480686733,0.0625,0.0003022852766917383,0.021929824561403466,0.0003317189676905752,0.125,0.02960526315789469,0.125,0.1875,0.0547945205479452,0.015045135406218657,0.10526315789473684,0.0641025641025641,0.16666666666666663,0.007216494845360799,0.10526315789473684,0.08791208791208793,0.052980132450331174,0.125,0.03806228373702425,0.0826446280991735,0.03738317757009346,0.045454545454545414,0.07999999999999996,0.03544303797468351,0.02970297029702973,0.125,0.03978779840848812,0.125,0.21052631578947367,0.375,0.125,0.07633587786259544,0.0625,0.025906735751295318,0.6111111111111112,0.1875,0.75,0.4444444444444444,0,0
19,_OUTLINED_FUNCTION_0,0.2222222222222222,0.005678233438485836,0.3157894736842105,0.05836575875486383,0.24285714285714288,0.4444444444444444,0.6666666666666667,0.0030737704918032405,0.003022162525184724,0.01014656144306647,0.2777777777777778,0.08181818181818179,0.38888888888888884,0.8333333333333334,0.8333333333333334,0.047101449275362306,0.6111111111111112,1,0.41860465116279066,0.5,0.11111111111111116,0.0004932452799166764,0.01278409090909094,0.011848341232227444,0.014117647058823568,0.07317073170731703,0.007153075822603716,0.05555555555555558,0.0003627423320301526,0.00877192982456143,0.00037594816338260006,0.11111111111111116,0.03618421052631582,0.11111111111111116,0.11111111111111116,0.04109589041095896,0.016048144433299938,0.08771929824561409,0.05128205128205132,0.08333333333333337,0.007216494845360799,0.08771929824561409,0.07692307692307687,0.052980132450331174,0.11111111111111116,0.03114186851211076,0.05785123966942152,0.028037383177570097,0.045454545454545414,0.06000000000000005,0.03544303797468351,0.034653465346534684,0.11111111111111116,0.04774535809018565,0.11111111111111116,0.26315789473684215,0.2222222222222222,0.11111111111111116,0.10687022900763354,0.11111111111111116,0.015544041450777257,1,0.2222222222222222,0.6666666666666667,0.4444444444444444,0,0
20,_OUTLINED_FUNCTION_1,0.2142857142857143,0.004416403785488909,0.24561403508771928,0.05058365758754868,0.17142857142857137,0.5714285714285714,0.5714285714285714,0.0023907103825137055,0.002350570852921452,0.007891770011273946,0.4,0.0636363636363636,0.5714285714285714,0.5333333333333333,0.5333333333333333,0.04347826086956519,0.5,0.5,0.2790697674418605,1,0.1428571428571429,0.00038363521771300757,0.009232954545454586,0.018957345971563955,0.010196078431372602,0.1707317073170732,0.011444921316165924,0.0714285714285714,0.0002821329249123039,0.00877192982456143,0.0002874897719985503,0.1428571428571429,0.02960526315789469,0.1428571428571429,0.1428571428571429,0.06164383561643838,0.013039117352056206,0.10526315789473684,0.05128205128205132,0.16666666666666663,0.006701030927835028,0.10526315789473684,0.07692307692307687,0.039735099337748325,0.1428571428571429,0.03460207612456745,0.06611570247933884,0.028037383177570097,0.051136363636363646,0.06000000000000005,0.03037974683544309,0.02970297029702973,0.1428571428571429,0.03448275862068961,0.1428571428571429,0.3157894736842105,0.2857142857142857,0.1428571428571429,0.06870229007633588,0.0714285714285714,0.015544041450777257,0.5,0.1428571428571429,0.5714285714285714,0.33333333333333337,0,0
21,_BZ2_blockSort,0.18181818181818177,0.0006309148264984632,0.03508771929824561,0.0077821011673151474,0.02857142857142858,0.19999999999999996,0.16666666666666663,0.0003415300546447675,0.000335795836131636,0.0011273957158962622,0.1333333333333333,0.009090909090909038,0.1428571428571429,0.1333333333333333,0.1333333333333333,0.007246376811594235,0.125,0.11111111111111116,0.046511627906976716,0.1428571428571429,1,0.000054805031101889945,0.0014204545454545858,0.0023696682464454666,0.0015686274509804088,0.024390243902439046,0.0014306151645206988,0.25,0.00004030470355886884,0.004385964912280715,0.00002211459784606795,0.5,0.003289473684210509,0.5,0.4,0.006849315068493178,0.0020060180541624506,0.01754385964912286,0.012820512820512775,0.04166666666666663,0.0005154639175257714,0.01754385964912286,0.02197802197802201,0.013245033112582738,1,0.00692041522491349,0.016528925619834656,0.01869158878504673,0.005681818181818232,0.020000000000000018,0.005063291139240533,0.004950495049504955,0.6666666666666667,0.0053050397877983935,0.6666666666666667,0.10526315789473684,0.2222222222222222,0,0.01526717557251911,0.0714285714285714,0.005181347150259086,0.11111111111111116,0.4,0.16666666666666663,0.11111111111111116,0,0
22,_fallbackSort,0.00030519102183501623,0.07332907915545317,0.001581444385872377,0.005992841883306066,0.0017201675776156167,0.0002774463834863683,0.00033293566018366416,0.14982104708265132,0.14582581916044723,0.04303193407873929,0.00041616957522960796,0.00593735260660877,0.00038842493688096,0.00041616957522960796,0.00041616957522960796,0.005271481286241442,0.0004439142135782559,0.0004994034902755518,0.001193019448991528,0.00038842493688096,0.000055489276697295864,0.9661304907790536,0.026940043836528593,0.007796243375967626,0.017062952584413038,0.0010820408955969363,0.01148628027633658,0.00011097855339459173,0.4829309580428036,0.005437949116333218,0.49974568212477055,0.000055489276697295864,0.006880670310462467,0.00011097855339459173,0.00013872319174323966,0.0033571012401852895,0.015842188497072973,0.0013872319174319525,0.001969869322753337,0.0006658713203673283,0.019976139611020183,0.0013872319174319525,0.0022195710678911684,0.0034125905168825854,0.000055489276697295864,0.00618705435174649,0.0029964209416529775,0.002718974558166609,0.003967483283855433,0.0012762533640373608,0.009127986016702283,0.010015814443858684,0.0000832339150459438,0.009349943123491355,0.0000832339150459438,0.0004994034902755518,0.00024970174513772037,0.000055489276697295864,0.0033571012401852895,0.0003606802985323121,0.0049940349027550734,0.0004994034902755518,0.00013872319174323966,0.00033293566018366416,0.0004994034902755518,0,0
23,_mainGtU,0.0078125,0.15488958990536272,0.0390625,0.1399147727272727,0.043323863636363646,0.007102272727272707,0.008522727272727293,0.0840163934426229,0.09536601746138351,0.2029312288613303,0.009943181818181768,0.1328125,0.009232954545454586,0.01065340909090906,0.01065340909090906,0.125,0.011363636363636354,0.01278409090909094,0.030539772727272707,0.009232954545454586,0.0014204545454545858,0.026635245115501638,1,0.17542613636363635,0.18607954545454541,0.026988636363636354,0.21235795454545459,0.0028409090909090606,0.02170408286647052,0.125,0.024259713837103902,0.0014204545454545858,0.140625,0.0028409090909090606,0.0035511363636363535,0.07670454545454541,0.22514204545454541,0.032670454545454586,0.045454545454545414,0.017045454545454586,0.24072164948453612,0.032670454545454586,0.053267045454545414,0.08309659090909094,0.0014204545454545858,0.13565340909090906,0.06889204545454541,0.06676136363636365,0.09303977272727271,0.03338068181818177,0.18607954545454541,0.1960227272727273,0.0021306818181817677,0.17684659090909094,0.0021306818181817677,0.012073863636363646,0.006392045454545414,0.0014204545454545858,0.08380681818181823,0.009232954545454586,0.11008522727272729,0.01278409090909094,0.0035511363636363535,0.008522727272727293,0.01278409090909094,0,0
24,_BZ2_hbMakeCodeLengths,0.014218009478673022,0.04258675078864349,0.05213270142180093,0.15165876777251186,0.06161137440758291,0.014218009478673022,0.011848341232227444,0.020491803278688492,0.024680993955674912,0.06200676437429542,0.023696682464455,0.08293838862559244,0.018957345971563955,0.011848341232227444,0.011848341232227444,0.15402843601895733,0.018957345971563955,0.011848341232227444,0.04502369668246442,0.018957345971563955,0.0023696682464454666,0.007645301838708818,0.17542613636363635,1,0.12392156862745096,0.05924170616113744,0.19599427753934195,0.007109004739336511,0.006972713715690637,0.31516587677725116,0.008248744996572244,0.004739336492891044,0.11848341232227488,0.004739336492891044,0.007109004739336511,0.1800947867298578,0.22166499498495484,0.07345971563981046,0.0781990521327014,0.04502369668246442,0.16185567010309276,0.07345971563981046,0.09241706161137442,0.22037914691943128,0.0023696682464454666,0.30805687203791465,0.13744075829383884,0.20142180094786732,0.24407582938388628,0.0781990521327014,0.15876777251184837,0.1255924170616114,0.0023696682464454666,0.10663507109004744,0.0023696682464454666,0.03080568720379151,0.011848341232227444,0.004739336492891044,0.18957345971563977,0.018957345971563955,0.2985781990521327,0.011848341232227444,0.004739336492891044,0.011848341232227444,0.028436018957345932,0,0
25,_BZ2_hbAssignCodes,0.007843137254901933,0.12208201892744475,0.041568627450980444,0.14980392156862743,0.043921568627451,0.007843137254901933,0.009411764705882342,0.06454918032786883,0.07135661517797176,0.17023675310033826,0.01098039215686275,0.13411764705882356,0.010196078431372602,0.0117647058823529,0.0117647058823529,0.12392156862745096,0.0117647058823529,0.014117647058823568,0.03137254901960784,0.010196078431372602,0.0015686274509804088,0.017208779765982563,0.18607954545454541,0.12392156862745096,1,0.029019607843137285,0.1992156862745098,0.0031372549019608176,0.01686751843940193,0.1098039215686275,0.019748335876512035,0.0015686274509804088,0.1403921568627451,0.0031372549019608176,0.0039215686274509665,0.07921568627450981,0.17647058823529416,0.03686274509803922,0.050980392156862786,0.018039215686274535,0.19278350515463916,0.03686274509803922,0.053333333333333344,0.07843137254901966,0.0015686274509804088,0.12078431372549014,0.07372549019607844,0.06352941176470583,0.087843137254902,0.03450980392156866,0.18117647058823527,0.17960784313725486,0.0015686274509804088,0.1772549019607843,0.0015686274509804088,0.014117647058823568,0.007058823529411784,0.0015686274509804088,0.08313725490196078,0.010196078431372602,0.10117647058823531,0.014117647058823568,0.0039215686274509665,0.009411764705882342,0.014117647058823568,0,0
26,_BZ2_hbCreateDecodeTables,0.14634146341463417,0.01135646687697156,0.1578947368421053,0.1245136186770428,0.18571428571428572,0.09756097560975607,0.09756097560975607,0.005464480874316946,0.006212222968435155,0.01916572717023679,0.19512195121951215,0.09545454545454546,0.14634146341463417,0.09756097560975607,0.09756097560975607,0.10144927536231885,0.1707317073170732,0.07317073170731703,0.16279069767441856,0.1707317073170732,0.024390243902439046,0.0010686981064861323,0.026988636363636354,0.05924170616113744,0.029019607843137285,1,0.048640915593705314,0.04878048780487809,0.0008060940711781539,0.0964912280701754,0.0008845839138414968,0.024390243902439046,0.0625,0.024390243902439046,0.04878048780487809,0.13013698630136983,0.035105315947843496,0.17543859649122806,0.14102564102564108,0.24390243902439024,0.020103092783505194,0.17543859649122806,0.20879120879120883,0.11920529801324509,0.024390243902439046,0.08304498269896199,0.17355371900826444,0.13084112149532712,0.10227272727272729,0.21999999999999997,0.06835443037974687,0.061881188118811936,0.04878048780487809,0.06896551724137934,0.04878048780487809,0.19512195121951215,0.12195121951219512,0.04878048780487809,0.14503816793893132,0.09756097560975607,0.07253886010362698,0.07317073170731703,0.024390243902439046,0.09756097560975607,0.14634146341463417,0,0
27,_BZ2_bsInitWrite,0.011444921316165924,0.052365930599369115,0.03862660944206009,0.16595135908440628,0.045779685264663805,0.007153075822603716,0.007153075822603716,0.023736338797814227,0.03240429818670254,0.07891770011273957,0.01573676680972813,0.07153075822603716,0.012875536480686733,0.007153075822603716,0.007153075822603716,0.15879828326180256,0.012875536480686733,0.007153075822603716,0.03147353361945637,0.011444921316165924,0.0014306151645206988,0.011289836406982112,0.21235795454545459,0.19599427753934195,0.1992156862745098,0.048640915593705314,1,0.005722460658083017,0.011889887549877076,0.18741058655221743,0.01399854043654214,0.0028612303290415086,0.14878397711015734,0.0042918454935622075,0.005722460658083017,0.09871244635193133,0.2276830491474423,0.048640915593705314,0.07582260371959948,0.03290414878397707,0.19793814432989687,0.048640915593705314,0.0829756795422032,0.1330472103004292,0.0014306151645206988,0.19456366237482114,0.11301859799713876,0.10443490701001434,0.14306151645207443,0.05579399141630903,0.15736766809728187,0.14020028612303292,0.0014306151645206988,0.1258941344778255,0.0014306151645206988,0.02002861230329045,0.007153075822603716,0.0014306151645206988,0.11015736766809725,0.01573676680972813,0.18311874105865522,0.007153075822603716,0.0028612303290415086,0.007153075822603716,0.01573676680972813,0,0
28,_BZ2_compressBlock,0.09090909090909094,0.0012618296529968154,0.03508771929824561,0.015564202334630295,0.05714285714285716,0.09999999999999998,0.08333333333333337,0.0005122950819672623,0.000671591672263272,0.0022547914317925244,0.1333333333333333,0.009090909090909038,0.1428571428571429,0.06666666666666665,0.06666666666666665,0.01449275362318836,0.0625,0.05555555555555558,0.046511627906976716,0.0714285714285714,0.25,0.00010961006220366887,0.0028409090909090606,0.007109004739336511,0.0031372549019608176,0.04878048780487809,0.005722460658083017,1,0.0000806094071178487,0.01754385964912286,0.00008845839138416078,0.25,0.013157894736842146,0.25,0.19999999999999996,0.020547945205479423,0.004012036108325012,0.03508771929824561,0.05128205128205132,0.125,0.001546391752577314,0.03508771929824561,0.03296703296703296,0.026490066225165587,0.25,0.01384083044982698,0.03305785123966942,0.03738317757009346,0.022727272727272707,0.07999999999999996,0.0075949367088608,0.00990099009900991,0.25,0.010610079575596787,0.25,0.1578947368421053,0.11111111111111116,0,0.03053435114503822,0.2142857142857143,0.020725388601036232,0.05555555555555558,0.19999999999999996,0.08333333333333337,0.11111111111111116,0,0
29,_bsPutUInt32,0.00022167586957400065,0.055560033855950985,0.0011285316996493266,0.004675345612833004,0.0013703599210027617,0.00020152351779456623,0.00024182822135343507,0.11023336423360608,0.10854056668413203,0.03149812583128453,0.0002821329249123039,0.0043932126879207,0.0002619805731328695,0.0003022852766917383,0.0003022852766917383,0.004312603280802851,0.0003022852766917383,0.0003627423320301526,0.0008665511265164572,0.0002821329249123039,0.00004030470355886884,0.47944460118495824,0.02170408286647052,0.006972713715690637,0.01686751843940193,0.0008060940711781539,0.011889887549877076,0.0000806094071178487,1,0.004594736205715155,0.5172101084196525,0.00004030470355886884,0.0054612873322317235,0.0000806094071178487,0.00010076175889728312,0.0025593486759905026,0.017693764862359407,0.0010076175889726091,0.0013703599210027617,0.00048365644270687014,0.02833420660191044,0.0010076175889726091,0.001672645197694611,0.0028817863044616754,0.00004030470355886884,0.005038087944863157,0.0023175204546370676,0.0020152351779452182,0.003244528636491828,0.0009471605336343059,0.0071339325299262235,0.007617588972633094,0.00004030470355886884,0.007113780178146789,0.00004030470355886884,0.0003627423320301526,0.0001813711660150208,0.00004030470355886884,0.0025391963242110682,0.0002821329249123039,0.0038490991898754157,0.0003627423320301526,0.00010076175889728312,0.00024182822135343507,0.0003627423320301526,0,0
30,_BZ2_decompress,0.013157894736842146,0.02649842271293379,0.05701754385964908,0.1245136186770428,0.08333333333333337,0.00877192982456143,0.00877192982456143,0.013319672131147486,0.01645399597044994,0.0467869222096956,0.030701754385964897,0.07017543859649122,0.013157894736842146,0.00877192982456143,0.00877192982456143,0.15217391304347827,0.021929824561403466,0.00877192982456143,0.052631578947368474,0.00877192982456143,0.004385964912280715,0.005316088016879994,0.125,0.31516587677725116,0.1098039215686275,0.0964912280701754,0.18741058655221743,0.01754385964912286,0.004594736205715155,1,0.00495366991751256,0.004385964912280715,0.1546052631578947,0.00877192982456143,0.00877192982456143,0.20175438596491224,0.1845536609829489,0.10526315789473684,0.16666666666666663,0.05701754385964908,0.10567010309278346,0.10526315789473684,0.1535087719298246,0.2894736842105263,0.004385964912280715,0.2768166089965398,0.2192982456140351,0.3026315789473685,0.2894736842105263,0.16228070175438591,0.17721518987341767,0.1633663366336634,0.004385964912280715,0.14058355437665782,0.004385964912280715,0.03947368421052633,0.00877192982456143,0,0.2850877192982456,0.04385964912280704,0.48684210526315785,0.00877192982456143,0.00877192982456143,0.00877192982456143,0.02631578947368418,0,0
31,_BZ2_bzlibVersion,0.00019903138061438952,0.06362369800305179,0.001216302881532072,0.00532961808089516,0.0013711050664543256,0.00019903138061438952,0.0002432605763064144,0.12101107941352085,0.12103319401136692,0.035759304717043694,0.00030960436984450723,0.004621950949821985,0.00026537517415248235,0.00030960436984450723,0.00030960436984450723,0.005108472102434813,0.0003317189676905752,0.00037594816338260006,0.0009288131095336327,0.0002874897719985503,0.00002211459784606795,0.4920055728786572,0.024259713837103902,0.008248744996572244,0.019748335876512035,0.0008845839138414968,0.01399854043654214,0.00008845839138416078,0.5172101084196525,0.00495366991751256,1,0.00004422919569202488,0.006103629005506539,0.00006634379353809283,0.00006634379353809283,0.002897012317831016,0.020057940246356654,0.0011057298923019543,0.0015701364470687151,0.0005086357504588968,0.032132510670293435,0.0011057298923019543,0.0018576262190671544,0.003250845883367659,0.00002211459784606795,0.005816139233507989,0.0025874079479865086,0.0021893451867577296,0.003604679448904191,0.0010172715009177935,0.007961255224573693,0.008447776377186633,0.00004422919569202488,0.008027599018111897,0.00004422919569202488,0.000398062761228668,0.00017691678276832157,0.00004422919569202488,0.002764324730754719,0.0002874897719985503,0.004157544395055224,0.00037594816338260006,0.00008845839138416078,0.0002432605763064144,0.00037594816338260006,0,0
32,_BZ2_bzCompressInit,0.18181818181818177,0.0006309148264984632,0.03508771929824561,0.0077821011673151474,0.02857142857142858,0.19999999999999996,0.16666666666666663,0.0003415300546447675,0.000335795836131636,0.0011273957158962622,0.1333333333333333,0.009090909090909038,0.1428571428571429,0.1333333333333333,0.1333333333333333,0.007246376811594235,0.125,0.11111111111111116,0.046511627906976716,0.1428571428571429,0.5,0.000054805031101889945,0.0014204545454545858,0.004739336492891044,0.0015686274509804088,0.024390243902439046,0.0028612303290415086,0.25,0.00004030470355886884,0.004385964912280715,0.00004422919569202488,1,0.006578947368421018,0.25,0.19999999999999996,0.013698630136986356,0.0020060180541624506,0.03508771929824561,0.02564102564102566,0.08333333333333337,0.0010309278350515427,0.03508771929824561,0.02197802197802201,0.013245033112582738,0.5,0.00692041522491349,0.016528925619834656,0.009345794392523366,0.011363636363636354,0.020000000000000018,0.005063291139240533,0.004950495049504955,0.33333333333333337,0.0053050397877983935,0.33333333333333337,0.10526315789473684,0.2222222222222222,0,0.007633587786259555,0.0714285714285714,0.010362694300518172,0.11111111111111116,0.19999999999999996,0.16666666666666663,0.11111111111111116,0,0
33,_default_bzalloc,0.02631578947368418,0.045741324921135695,0.10197368421052633,0.2203947368421053,0.11513157894736847,0.023026315789473673,0.02631578947368418,0.025273224043715792,0.03005372733378109,0.07891770011273957,0.03289473684210531,0.2203947368421053,0.03289473684210531,0.02960526315789469,0.02960526315789469,0.1578947368421053,0.02960526315789469,0.03618421052631582,0.09210526315789469,0.02960526315789469,0.003289473684210509,0.006713616309977244,0.140625,0.11848341232227488,0.1403921568627451,0.0625,0.14878397711015734,0.013157894736842146,0.0054612873322317235,0.1546052631578947,0.006103629005506539,0.006578947368421018,1,0.006578947368421018,0.013157894736842146,0.14144736842105265,0.20060180541624872,0.1546052631578947,0.20065789473684215,0.046052631578947345,0.12113402061855671,0.1546052631578947,0.14802631578947367,0.16776315789473684,0.003289473684210509,0.1578947368421053,0.1907894736842105,0.14802631578947367,0.16447368421052633,0.10855263157894735,0.1746835443037975,0.1955445544554455,0.003289473684210509,0.2838196286472149,0.003289473684210509,0.042763157894736836,0.02631578947368418,0.006578947368421018,0.1907894736842105,0.03289473684210531,0.16776315789473684,0.03618421052631582,0.006578947368421018,0.02631578947368418,0.03947368421052633,0,0
34,_default_bzfree,0.18181818181818177,0.0006309148264984632,0.03508771929824561,0.015564202334630295,0.042857142857142816,0.19999999999999996,0.16666666666666663,0.0005122950819672623,0.000503693754197454,0.0011273957158962622,0.1333333333333333,0.009090909090909038,0.1428571428571429,0.1333333333333333,0.1333333333333333,0.010869565217391353,0.125,0.11111111111111116,0.046511627906976716,0.1428571428571429,0.5,0.00010961006220366887,0.0028409090909090606,0.004739336492891044,0.0031372549019608176,0.024390243902439046,0.0042918454935622075,0.25,0.0000806094071178487,0.00877192982456143,0.00006634379353809283,0.25,0.006578947368421018,1,0.4,0.006849315068493178,0.004012036108325012,0.01754385964912286,0.012820512820512775,0.08333333333333337,0.001546391752577314,0.01754385964912286,0.02197802197802201,0.013245033112582738,0.5,0.00692041522491349,0.024793388429752095,0.01869158878504673,0.005681818181818232,0.020000000000000018,0.005063291139240533,0.004950495049504955,0.25,0.007957559681697646,0.25,0.10526315789473684,0.11111111111111116,0,0.01526717557251911,0.0714285714285714,0.015544041450777257,0.11111111111111116,0.4,0.16666666666666663,0.11111111111111116,0,0
35,_BZ2_bzCompress,0.4545454545454546,0.001577287066246047,0.08771929824561409,0.015564202334630295,0.0714285714285714,0.19999999999999996,0.16666666666666663,0.0008538251366120297,0.00083948959032909,0.002818489289740711,0.2666666666666667,0.018181818181818188,0.3571428571428571,0.1333333333333333,0.1333333333333333,0.01449275362318836,0.1875,0.11111111111111116,0.09302325581395354,0.1428571428571429,0.4,0.00013701257775466935,0.0035511363636363535,0.007109004739336511,0.0039215686274509665,0.04878048780487809,0.005722460658083017,0.19999999999999996,0.00010076175889728312,0.00877192982456143,0.00006634379353809283,0.19999999999999996,0.013157894736842146,0.4,1,0.0273972602739726,0.004012036108325012,0.07017543859649122,0.038461538461538436,0.08333333333333337,0.0020618556701030855,0.07017543859649122,0.05494505494505497,0.0331125827814569,0.4,0.01384083044982698,0.03305785123966942,0.028037383177570097,0.022727272727272707,0.07999999999999996,0.012658227848101222,0.00990099009900991,0.4,0.01326259946949604,0.4,0.1578947368421053,0.33333333333333337,0.19999999999999996,0.03053435114503822,0.0714285714285714,0.015544041450777257,0.11111111111111116,0.4,0.16666666666666663,0.16666666666666663,0,0
36,_handle_compress,0.047945205479452024,0.03154574132492116,0.09589041095890416,0.21011673151750976,0.1643835616438356,0.04109589041095896,0.04109589041095896,0.014685792349726778,0.016789791806581578,0.049605411499436314,0.0547945205479452,0.09999999999999998,0.06849315068493156,0.04109589041095896,0.04109589041095896,0.12681159420289856,0.0547945205479452,0.04109589041095896,0.10273972602739723,0.06164383561643838,0.006849315068493178,0.0032883018661112873,0.07670454545454541,0.1800947867298578,0.07921568627450981,0.13013698630136983,0.09871244635193133,0.020547945205479423,0.0025593486759905026,0.20175438596491224,0.002897012317831016,0.013698630136986356,0.14144736842105265,0.006849315068493178,0.0273972602739726,1,0.10431293881644932,0.2534246575342466,0.18493150684931503,0.06164383561643838,0.06804123711340204,0.2534246575342466,0.226027397260274,0.21192052980132448,0.006849315068493178,0.28719723183391,0.2191780821917808,0.3082191780821918,0.3352272727272727,0.20547945205479456,0.25063291139240507,0.13366336633663367,0.013698630136986356,0.16976127320954904,0.013698630136986356,0.07534246575342463,0.04109589041095896,0.013698630136986356,0.20547945205479456,0.0547945205479452,0.20725388601036265,0.04109589041095896,0.0273972602739726,0.04109589041095896,0.06849315068493156,0,0
37,_BZ2_bzCompressEnd,0.010030090270812475,0.09211356466876974,0.04714142427281842,0.15045135406218657,0.054162487462387165,0.010030090270812475,0.011033099297893645,0.047984972677595605,0.05305574210879782,0.1313416009019166,0.014042126379137376,0.13340020060180546,0.012036108324974926,0.014042126379137376,0.014042126379137376,0.12337011033099299,0.015045135406218657,0.016048144433299938,0.03911735205616851,0.013039117352056206,0.0020060180541624506,0.015619433864028753,0.22514204545454541,0.22166499498495484,0.17647058823529416,0.035105315947843496,0.2276830491474423,0.004012036108325012,0.017693764862359407,0.1845536609829489,0.020057940246356654,0.0020060180541624506,0.20060180541624872,0.004012036108325012,0.004012036108325012,0.10431293881644932,1,0.04513540621865597,0.06419257773319964,0.02106318956870612,0.29072164948453605,0.04513540621865597,0.0702106318956871,0.11935807422266798,0.0020060180541624506,0.20260782347041129,0.10330992978936815,0.09929789368104314,0.1354062186559679,0.04714142427281842,0.19558676028084254,0.19658976930792382,0.0020060180541624506,0.20461384152457374,0.0020060180541624506,0.017051153460381108,0.009027081243731194,0.0020060180541624506,0.11534603811434307,0.012036108324974926,0.1664994984954865,0.016048144433299938,0.005015045135406182,0.011033099297893645,0.017051153460381108,0,0
38,_BZ2_bzDecompressInit,0.10526315789473684,0.014511041009463765,0.10526315789473684,0.1400778210116731,0.2142857142857143,0.10526315789473684,0.08771929824561409,0.007513661202185773,0.008059100067159153,0.024239007891770026,0.1228070175438597,0.1045454545454545,0.1228070175438597,0.08771929824561409,0.08771929824561409,0.09782608695652173,0.10526315789473684,0.08771929824561409,0.21052631578947367,0.10526315789473684,0.01754385964912286,0.001397528293097361,0.032670454545454586,0.07345971563981046,0.03686274509803922,0.17543859649122806,0.048640915593705314,0.03508771929824561,0.0010076175889726091,0.10526315789473684,0.0011057298923019543,0.03508771929824561,0.1546052631578947,0.01754385964912286,0.07017543859649122,0.2534246575342466,0.04513540621865597,1,0.28205128205128205,0.14035087719298245,0.02577319587628868,1,0.17582417582417587,0.1920529801324503,0.01754385964912286,0.1384083044982699,0.1900826446280992,0.28037383177570097,0.18181818181818177,0.19298245614035092,0.09367088607594942,0.08415841584158412,0.03508771929824561,0.07692307692307687,0.03508771929824561,0.22807017543859653,0.1228070175438597,0.03508771929824561,0.25190839694656486,0.14035087719298245,0.12435233160621761,0.08771929824561409,0.03508771929824561,0.08771929824561409,0.14035087719298245,0,0
39,_BZ2_indexIntoF,0.07692307692307687,0.016088328075709812,0.08974358974358976,0.15953307392996108,0.14102564102564108,0.0641025641025641,0.05128205128205132,0.007855191256830651,0.009570181329751515,0.02931228861330326,0.08974358974358976,0.08181818181818179,0.07692307692307687,0.05128205128205132,0.05128205128205132,0.1159420289855072,0.0641025641025641,0.05128205128205132,0.1282051282051282,0.05128205128205132,0.012820512820512775,0.0019455786041158163,0.045454545454545414,0.0781990521327014,0.050980392156862786,0.14102564102564108,0.07582260371959948,0.05128205128205132,0.0013703599210027617,0.16666666666666663,0.0015701364470687151,0.02564102564102566,0.20065789473684215,0.012820512820512775,0.038461538461538436,0.18493150684931503,0.06419257773319964,0.28205128205128205,1,0.10256410256410253,0.03659793814432988,0.28205128205128205,0.29670329670329665,0.2450331125827815,0.012820512820512775,0.1522491349480969,0.30578512396694213,0.20560747663551404,0.19318181818181823,0.2948717948717948,0.08860759493670889,0.09900990099009899,0.012820512820512775,0.13793103448275867,0.012820512820512775,0.15384615384615385,0.07692307692307687,0.02564102564102566,0.20610687022900764,0.10256410256410253,0.1917098445595855,0.05128205128205132,0.02564102564102566,0.05128205128205132,0.10256410256410253,0,0
40,_BZ2_bzDecompress,0.16666666666666663,0.005993690851735067,0.21052631578947367,0.08560311284046696,0.15714285714285714,0.16666666666666663,0.16666666666666663,0.0032445355191257352,0.00335795836131636,0.011273957158962844,0.20833333333333337,0.05909090909090908,0.20833333333333337,0.125,0.125,0.0688405797101449,0.16666666666666663,0.08333333333333337,0.18604651162790697,0.16666666666666663,0.04166666666666663,0.0006576603732222353,0.017045454545454586,0.04502369668246442,0.018039215686274535,0.24390243902439024,0.03290414878397707,0.125,0.00048365644270687014,0.05701754385964908,0.0005086357504588968,0.08333333333333337,0.046052631578947345,0.08333333333333337,0.08333333333333337,0.06164383561643838,0.02106318956870612,0.14035087719298245,0.10256410256410253,1,0.011855670103092741,0.14035087719298245,0.1208791208791209,0.07284768211920534,0.04166666666666663,0.05536332179930792,0.12396694214876036,0.07476635514018692,0.07386363636363635,0.16000000000000003,0.04303797468354431,0.044554455445544594,0.04166666666666663,0.04774535809018565,0.04166666666666663,0.16666666666666663,0.16666666666666663,0.04166666666666663,0.09160305343511455,0.16666666666666663,0.041450777202072575,0.08333333333333337,0.08333333333333337,0.16666666666666663,0.25,0,0
41,_BZ2_bzDecompressEnd,0.004123711340206171,0.1214511041009464,0.02577319587628868,0.10360824742268038,0.02938144329896908,0.004639175257731942,0.005154639175257714,0.06625683060109289,0.07471457353928812,0.12422680412371134,0.006701030927835028,0.08659793814432992,0.005670103092783485,0.006185567010309256,0.006185567010309256,0.09123711340206186,0.007216494845360799,0.007216494845360799,0.01907216494845365,0.006701030927835028,0.0005154639175257714,0.019647603650015055,0.24072164948453612,0.16185567010309276,0.19278350515463916,0.020103092783505194,0.19793814432989687,0.001546391752577314,0.02833420660191044,0.10567010309278346,0.032132510670293435,0.0010309278350515427,0.12113402061855671,0.001546391752577314,0.0020618556701030855,0.06804123711340204,0.29072164948453605,0.02577319587628868,0.03659793814432988,0.011855670103092741,1,0.02577319587628868,0.039690721649484506,0.06907216494845358,0.0005154639175257714,0.1268041237113402,0.0561855670103093,0.05103092783505159,0.08092783505154644,0.023711340206185594,0.13711340206185563,0.134020618556701,0.0010309278350515427,0.14381443298969077,0.0010309278350515427,0.008247422680412342,0.0036082474226803996,0.0010309278350515427,0.06288659793814433,0.006185567010309256,0.09381443298969072,0.007216494845360799,0.0020618556701030855,0.005154639175257714,0.008247422680412342,0,0
42,_BZ2_bzWriteOpen,0.10526315789473684,0.014511041009463765,0.10526315789473684,0.1400778210116731,0.2142857142857143,0.10526315789473684,0.08771929824561409,0.007513661202185773,0.008059100067159153,0.024239007891770026,0.1228070175438597,0.1045454545454545,0.1228070175438597,0.08771929824561409,0.08771929824561409,0.09782608695652173,0.10526315789473684,0.08771929824561409,0.21052631578947367,0.10526315789473684,0.01754385964912286,0.001397528293097361,0.032670454545454586,0.07345971563981046,0.03686274509803922,0.17543859649122806,0.048640915593705314,0.03508771929824561,0.0010076175889726091,0.10526315789473684,0.0011057298923019543,0.03508771929824561,0.1546052631578947,0.01754385964912286,0.07017543859649122,0.2534246575342466,0.04513540621865597,1,0.28205128205128205,0.14035087719298245,0.02577319587628868,1,0.17582417582417587,0.1920529801324503,0.01754385964912286,0.1384083044982699,0.1900826446280992,0.28037383177570097,0.18181818181818177,0.19298245614035092,0.09367088607594942,0.08415841584158412,0.03508771929824561,0.07692307692307687,0.03508771929824561,0.22807017543859653,0.1228070175438597,0.03508771929824561,0.25190839694656486,0.14035087719298245,0.12435233160621761,0.08771929824561409,0.03508771929824561,0.08771929824561409,0.14035087719298245,0,0
43,_BZ2_bzWrite,0.08791208791208793,0.02018927444794949,0.15384615384615385,0.16731517509727623,0.19780219780219777,0.06593406593406592,0.06593406593406592,0.009904371584699478,0.011249160510409695,0.03494926719278468,0.09890109890109888,0.09999999999999998,0.10989010989010994,0.06593406593406592,0.06593406593406592,0.11956521739130432,0.08791208791208793,0.07692307692307687,0.13186813186813184,0.07692307692307687,0.02197802197802201,0.002164798728523265,0.053267045454545414,0.09241706161137442,0.053333333333333344,0.20879120879120883,0.0829756795422032,0.03296703296703296,0.001672645197694611,0.1535087719298246,0.0018576262190671544,0.02197802197802201,0.14802631578947367,0.02197802197802201,0.05494505494505497,0.226027397260274,0.0702106318956871,0.17582417582417587,0.29670329670329665,0.1208791208791209,0.039690721649484506,0.17582417582417587,1,0.29139072847682124,0.02197802197802201,0.18339100346020765,0.42148760330578516,0.2429906542056075,0.3125,0.3076923076923077,0.13417721518987347,0.10148514851485146,0.03296703296703296,0.1671087533156499,0.03296703296703296,0.1208791208791209,0.06593406593406592,0.02197802197802201,0.17557251908396942,0.06593406593406592,0.17616580310880825,0.07692307692307687,0.03296703296703296,0.06593406593406592,0.09890109890109888,0,0
44,_BZ2_bzWriteClose,0.07284768211920534,0.027444794952681373,0.11258278145695366,0.16342412451361865,0.17880794701986757,0.04635761589403975,0.039735099337748325,0.014344262295082011,0.017125587642713214,0.049605411499436314,0.06622516556291391,0.12272727272727268,0.05960264900662249,0.04635761589403975,0.04635761589403975,0.1376811594202898,0.052980132450331174,0.052980132450331174,0.11258278145695366,0.039735099337748325,0.013245033112582738,0.0033705094127640667,0.08309659090909094,0.22037914691943128,0.07843137254901966,0.11920529801324509,0.1330472103004292,0.026490066225165587,0.0028817863044616754,0.2894736842105263,0.003250845883367659,0.013245033112582738,0.16776315789473684,0.013245033112582738,0.0331125827814569,0.21192052980132448,0.11935807422266798,0.1920529801324503,0.2450331125827815,0.07284768211920534,0.06907216494845358,0.1920529801324503,0.29139072847682124,1,0.013245033112582738,0.39100346020761245,0.35761589403973515,0.42384105960264906,0.4545454545454546,0.2847682119205298,0.18734177215189873,0.1534653465346535,0.013245033112582738,0.18037135278514593,0.013245033112582738,0.0927152317880795,0.039735099337748325,0.0066225165562914245,0.3178807947019867,0.05960264900662249,0.3160621761658031,0.052980132450331174,0.0331125827814569,0.039735099337748325,0.06622516556291391,0,0
45,_BZ2_bzWriteClose64,0.18181818181818177,0.0006309148264984632,0.03508771929824561,0.0077821011673151474,0.02857142857142858,0.19999999999999996,0.16666666666666663,0.0003415300546447675,0.000335795836131636,0.0011273957158962622,0.1333333333333333,0.009090909090909038,0.1428571428571429,0.1333333333333333,0.1333333333333333,0.007246376811594235,0.125,0.11111111111111116,0.046511627906976716,0.1428571428571429,1,0.000054805031101889945,0.0014204545454545858,0.0023696682464454666,0.0015686274509804088,0.024390243902439046,0.0014306151645206988,0.25,0.00004030470355886884,0.004385964912280715,0.00002211459784606795,0.5,0.003289473684210509,0.5,0.4,0.006849315068493178,0.0020060180541624506,0.01754385964912286,0.012820512820512775,0.04166666666666663,0.0005154639175257714,0.01754385964912286,0.02197802197802201,0.013245033112582738,1,0.00692041522491349,0.016528925619834656,0.01869158878504673,0.005681818181818232,0.020000000000000018,0.005063291139240533,0.004950495049504955,0.6666666666666667,0.0053050397877983935,0.6666666666666667,0.10526315789473684,0.2222222222222222,0,0.01526717557251911,0.0714285714285714,0.005181347150259086,0.11111111111111116,0.4,0.16666666666666663,0.11111111111111116,0,0
46,_BZ2_bzReadOpen,0.03114186851211076,0.04195583596214514,0.07958477508650519,0.16262975778546718,0.11764705882352944,0.02422145328719727,0.02768166089965396,0.022370218579234935,0.026024177300201456,0.06482525366403613,0.03806228373702425,0.11418685121107264,0.03806228373702425,0.03114186851211076,0.03114186851211076,0.11764705882352944,0.03806228373702425,0.03114186851211076,0.07958477508650519,0.03460207612456745,0.00692041522491349,0.006028553421204119,0.13565340909090906,0.30805687203791465,0.12078431372549014,0.08304498269896199,0.19456366237482114,0.01384083044982698,0.005038087944863157,0.2768166089965398,0.005816139233507989,0.00692041522491349,0.1578947368421053,0.00692041522491349,0.01384083044982698,0.28719723183391,0.20260782347041129,0.1384083044982699,0.1522491349480969,0.05536332179930792,0.1268041237113402,0.1384083044982699,0.18339100346020765,0.39100346020761245,0.00692041522491349,1,0.24913494809688586,0.33564013840830453,0.3667820069204152,0.1522491349480969,0.2329113924050633,0.16584158415841588,0.01038062283737029,0.18832891246684347,0.01038062283737029,0.05190311418685123,0.02422145328719727,0.00692041522491349,0.301038062283737,0.03114186851211076,0.342560553633218,0.03114186851211076,0.01730103806228378,0.02768166089965396,0.04498269896193774,0,0
47,_BZ2_bzReadClose,0.0826446280991735,0.025236593059936863,0.1322314049586777,0.19844357976653693,0.1900826446280992,0.04958677685950408,0.04958677685950408,0.01212431693989069,0.013599731363331147,0.04284103720405863,0.07438016528925617,0.12272727272727268,0.07438016528925617,0.05785123966942152,0.05785123966942152,0.14130434782608692,0.0826446280991735,0.05785123966942152,0.1322314049586777,0.06611570247933884,0.016528925619834656,0.00293206916394928,0.06889204545454541,0.13744075829383884,0.07372549019607844,0.17355371900826444,0.11301859799713876,0.03305785123966942,0.0023175204546370676,0.2192982456140351,0.0025874079479865086,0.016528925619834656,0.1907894736842105,0.024793388429752095,0.03305785123966942,0.2191780821917808,0.10330992978936815,0.1900826446280992,0.30578512396694213,0.12396694214876036,0.0561855670103093,0.1900826446280992,0.42148760330578516,0.35761589403973515,0.016528925619834656,0.24913494809688586,1,0.28099173553719003,0.3125,0.31404958677685946,0.1670886075949367,0.13861386138613863,0.016528925619834656,0.2175066312997348,0.016528925619834656,0.09917355371900827,0.04958677685950408,0.016528925619834656,0.19083969465648853,0.07438016528925617,0.27461139896373055,0.05785123966942152,0.04132231404958675,0.04958677685950408,0.0826446280991735,0,0
48,_BZ2_bzRead,0.04672897196261683,0.023028391167192463,0.07476635514018692,0.16342412451361865,0.14953271028037385,0.028037383177570097,0.028037383177570097,0.010928961748633892,0.013431833445265329,0.03833145434047347,0.03738317757009346,0.09999999999999998,0.03738317757009346,0.028037383177570097,0.028037383177570097,0.14492753623188404,0.03738317757009346,0.028037383177570097,0.11214953271028039,0.028037383177570097,0.01869158878504673,0.002685446523990942,0.06676136363636365,0.20142180094786732,0.06352941176470583,0.13084112149532712,0.10443490701001434,0.03738317757009346,0.0020152351779452182,0.3026315789473685,0.0021893451867577296,0.009345794392523366,0.14802631578947367,0.01869158878504673,0.028037383177570097,0.3082191780821918,0.09929789368104314,0.28037383177570097,0.20560747663551404,0.07476635514018692,0.05103092783505159,0.28037383177570097,0.2429906542056075,0.42384105960264906,0.01869158878504673,0.33564013840830453,0.28099173553719003,1,0.4375,0.31775700934579443,0.1822784810126582,0.16584158415841588,0.01869158878504673,0.1458885941644562,0.01869158878504673,0.09345794392523366,0.01869158878504673,0.009345794392523366,0.5267175572519084,0.08411214953271029,0.3523316062176166,0.028037383177570097,0.028037383177570097,0.028037383177570097,0.06542056074766356,0,0
49,_BZ2_bzReadGetUnused,0.051136363636363646,0.03123028391167193,0.10795454545454541,0.1712062256809338,0.15909090909090906,0.03409090909090906,0.03409090909090906,0.01605191256830596,0.01914036265950303,0.05186020293122884,0.045454545454545414,0.1045454545454545,0.0625,0.03977272727272729,0.03977272727272729,0.13043478260869568,0.045454545454545414,0.045454545454545414,0.10227272727272729,0.051136363636363646,0.005681818181818232,0.003863754692680743,0.09303977272727271,0.24407582938388628,0.087843137254902,0.10227272727272729,0.14306151645207443,0.022727272727272707,0.003244528636491828,0.2894736842105263,0.003604679448904191,0.011363636363636354,0.16447368421052633,0.005681818181818232,0.022727272727272707,0.3352272727272727,0.1354062186559679,0.18181818181818177,0.19318181818181823,0.07386363636363635,0.08092783505154644,0.18181818181818177,0.3125,0.4545454545454546,0.005681818181818232,0.3667820069204152,0.3125,0.4375,1,0.25568181818181823,0.23797468354430384,0.17821782178217827,0.011363636363636354,0.18832891246684347,0.011363636363636354,0.08522727272727271,0.03409090909090906,0.011363636363636354,0.30113636363636365,0.045454545454545414,0.3160621761658031,0.045454545454545414,0.022727272727272707,0.03409090909090906,0.0625,0,0
50,_BZ2_bzBuffToBuffCompress,0.12,0.012618296529968487,0.10526315789473684,0.12062256809338523,0.2571428571428571,0.06000000000000005,0.06000000000000005,0.00563524590163933,0.006548018804566791,0.021420518602029315,0.09999999999999998,0.07727272727272727,0.12,0.06000000000000005,0.06000000000000005,0.09420289855072461,0.07999999999999996,0.06000000000000005,0.12,0.06000000000000005,0.020000000000000018,0.0012605157153426916,0.03338068181818177,0.0781990521327014,0.03450980392156866,0.21999999999999997,0.05579399141630903,0.07999999999999996,0.0009471605336343059,0.16228070175438591,0.0010172715009177935,0.020000000000000018,0.10855263157894735,0.020000000000000018,0.07999999999999996,0.20547945205479456,0.04714142427281842,0.19298245614035092,0.2948717948717948,0.16000000000000003,0.023711340206185594,0.19298245614035092,0.3076923076923077,0.2847682119205298,0.020000000000000018,0.1522491349480969,0.31404958677685946,0.31775700934579443,0.25568181818181823,1,0.09620253164556958,0.08415841584158412,0.040000000000000036,0.1061007957559682,0.040000000000000036,0.19999999999999996,0.06000000000000005,0.020000000000000018,0.2442748091603053,0.14,0.1968911917098446,0.06000000000000005,0.040000000000000036,0.06000000000000005,0.14,0,0
51,_BZ2_bzBuffToBuffDecompress,0.02278481012658229,0.08864353312302842,0.10886075949367091,0.22025316455696198,0.09367088607594942,0.020253164556962022,0.025316455696202556,0.04474043715846998,0.04969778374748157,0.14599774520856823,0.032911392405063244,0.3341772151898734,0.027848101265822822,0.03037974683544309,0.03037974683544309,0.1670886075949367,0.03544303797468351,0.03544303797468351,0.09113924050632916,0.03037974683544309,0.005063291139240533,0.00890581755405151,0.18607954545454541,0.15876777251184837,0.18117647058823527,0.06835443037974687,0.15736766809728187,0.0075949367088608,0.0071339325299262235,0.17721518987341767,0.007961255224573693,0.005063291139240533,0.1746835443037975,0.005063291139240533,0.012658227848101222,0.25063291139240507,0.19558676028084254,0.09367088607594942,0.08860759493670889,0.04303797468354431,0.13711340206185563,0.09367088607594942,0.13417721518987347,0.18734177215189873,0.005063291139240533,0.2329113924050633,0.1670886075949367,0.1822784810126582,0.23797468354430384,0.09620253164556958,1,0.45297029702970293,0.0075949367088608,0.25822784810126587,0.0075949367088608,0.03544303797468351,0.020253164556962022,0.005063291139240533,0.22784810126582278,0.017721518987341756,0.15696202531645564,0.03544303797468351,0.0075949367088608,0.025316455696202556,0.03797468354430378,0,0
52,_BZ2_bzopen,0.01980198019801982,0.09747634069400635,0.10148514851485146,0.1955445544554455,0.09405940594059403,0.022277227722772297,0.024752475247524774,0.052254098360655754,0.05456682337139018,0.1657271702367531,0.02970297029702973,0.4356435643564357,0.027227722772277252,0.02970297029702973,0.02970297029702973,0.14603960396039606,0.02970297029702973,0.034653465346534684,0.08910891089108908,0.02970297029702973,0.004950495049504955,0.009864905598333973,0.1960227272727273,0.1255924170616114,0.17960784313725486,0.061881188118811936,0.14020028612303292,0.00990099009900991,0.007617588972633094,0.1633663366336634,0.008447776377186633,0.004950495049504955,0.1955445544554455,0.004950495049504955,0.00990099009900991,0.13366336633663367,0.19658976930792382,0.08415841584158412,0.09900990099009899,0.044554455445544594,0.134020618556701,0.08415841584158412,0.10148514851485146,0.1534653465346535,0.004950495049504955,0.16584158415841588,0.13861386138613863,0.16584158415841588,0.17821782178217827,0.08415841584158412,0.45297029702970293,1,0.004950495049504955,0.301980198019802,0.004950495049504955,0.034653465346534684,0.022277227722772297,0.004950495049504955,0.20792079207920788,0.017326732673267342,0.12128712871287128,0.034653465346534684,0.00990099009900991,0.024752475247524774,0.034653465346534684,0,0
53,_bzopen_or_bzdopen,0.18181818181818177,0.0009463722397475838,0.03508771929824561,0.0077821011673151474,0.042857142857142816,0.19999999999999996,0.16666666666666663,0.0005122950819672623,0.000503693754197454,0.0016910935738444488,0.1333333333333333,0.009090909090909038,0.1428571428571429,0.1333333333333333,0.1333333333333333,0.007246376811594235,0.125,0.11111111111111116,0.046511627906976716,0.1428571428571429,0.6666666666666667,0.0000822075466527794,0.0021306818181817677,0.0023696682464454666,0.0015686274509804088,0.04878048780487809,0.0014306151645206988,0.25,0.00004030470355886884,0.004385964912280715,0.00004422919569202488,0.33333333333333337,0.003289473684210509,0.25,0.4,0.013698630136986356,0.0020060180541624506,0.03508771929824561,0.012820512820512775,0.04166666666666663,0.0010309278350515427,0.03508771929824561,0.03296703296703296,0.013245033112582738,0.6666666666666667,0.01038062283737029,0.016528925619834656,0.01869158878504673,0.011363636363636354,0.040000000000000036,0.0075949367088608,0.004950495049504955,1,0.007957559681697646,1,0.10526315789473684,0.2222222222222222,0.33333333333333337,0.01526717557251911,0.0714285714285714,0.005181347150259086,0.11111111111111116,0.19999999999999996,0.16666666666666663,0.11111111111111116,0,0
54,_BZ2_bzdopen,0.02917771883289122,0.09305993690851733,0.13262599469496017,0.22015915119363394,0.12997347480106103,0.02652519893899208,0.03183023872679047,0.0493510928961749,0.05204835460040291,0.153325817361894,0.03448275862068961,0.3846153846153846,0.03448275862068961,0.03978779840848812,0.03978779840848812,0.16445623342175064,0.03978779840848812,0.04774535809018565,0.10875331564986734,0.03448275862068961,0.0053050397877983935,0.009152440194009848,0.17684659090909094,0.10663507109004744,0.1772549019607843,0.06896551724137934,0.1258941344778255,0.010610079575596787,0.007113780178146789,0.14058355437665782,0.008027599018111897,0.0053050397877983935,0.2838196286472149,0.007957559681697646,0.01326259946949604,0.16976127320954904,0.20461384152457374,0.07692307692307687,0.13793103448275867,0.04774535809018565,0.14381443298969077,0.07692307692307687,0.1671087533156499,0.18037135278514593,0.0053050397877983935,0.18832891246684347,0.2175066312997348,0.1458885941644562,0.18832891246684347,0.1061007957559682,0.25822784810126587,0.301980198019802,0.007957559681697646,1,0.007957559681697646,0.03978779840848812,0.023872679045092826,0.0053050397877983935,0.20424403183023876,0.021220159151193685,0.14854111405835546,0.04774535809018565,0.01326259946949604,0.03183023872679047,0.04774535809018565,0,0
55,_BZ2_bzread,0.18181818181818177,0.0009463722397475838,0.03508771929824561,0.0077821011673151474,0.042857142857142816,0.19999999999999996,0.16666666666666663,0.0005122950819672623,0.000503693754197454,0.0016910935738444488,0.1333333333333333,0.009090909090909038,0.1428571428571429,0.1333333333333333,0.1333333333333333,0.007246376811594235,0.125,0.11111111111111116,0.046511627906976716,0.1428571428571429,0.6666666666666667,0.0000822075466527794,0.0021306818181817677,0.0023696682464454666,0.0015686274509804088,0.04878048780487809,0.0014306151645206988,0.25,0.00004030470355886884,0.004385964912280715,0.00004422919569202488,0.33333333333333337,0.003289473684210509,0.25,0.4,0.013698630136986356,0.0020060180541624506,0.03508771929824561,0.012820512820512775,0.04166666666666663,0.0010309278350515427,0.03508771929824561,0.03296703296703296,0.013245033112582738,0.6666666666666667,0.01038062283737029,0.016528925619834656,0.01869158878504673,0.011363636363636354,0.040000000000000036,0.0075949367088608,0.004950495049504955,1,0.007957559681697646,1,0.10526315789473684,0.2222222222222222,0.33333333333333337,0.01526717557251911,0.0714285714285714,0.005181347150259086,0.11111111111111116,0.19999999999999996,0.16666666666666663,0.11111111111111116,0,0
56,_BZ2_bzwrite,0.26315789473684215,0.005362776025236604,0.21052631578947367,0.07003891050583655,0.15714285714285714,0.368421052631579,0.3157894736842105,0.0029030054644808567,0.003022162525184724,0.01014656144306647,0.21052631578947367,0.0636363636363636,0.26315789473684215,0.368421052631579,0.368421052631579,0.05434782608695654,0.21052631578947367,0.26315789473684215,0.2558139534883721,0.3157894736842105,0.10526315789473684,0.0004932452799166764,0.012073863636363646,0.03080568720379151,0.014117647058823568,0.19512195121951215,0.02002861230329045,0.1578947368421053,0.0003627423320301526,0.03947368421052633,0.000398062761228668,0.10526315789473684,0.042763157894736836,0.10526315789473684,0.1578947368421053,0.07534246575342463,0.017051153460381108,0.22807017543859653,0.15384615384615385,0.16666666666666663,0.008247422680412342,0.22807017543859653,0.1208791208791209,0.0927152317880795,0.10526315789473684,0.05190311418685123,0.09917355371900827,0.09345794392523366,0.08522727272727271,0.19999999999999996,0.03544303797468351,0.034653465346534684,0.10526315789473684,0.03978779840848812,0.10526315789473684,1,0.4736842105263158,0.10526315789473684,0.10687022900763354,0.26315789473684215,0.051813471502590636,0.26315789473684215,0.1578947368421053,0.3157894736842105,0.3157894736842105,0,0
57,_BZ2_bzflush,0.36363636363636365,0.0028391167192428624,0.14035087719298245,0.035019455252918275,0.11428571428571432,0.5,0.33333333333333337,0.0015368852459016757,0.001511081262592362,0.005073280721533235,0.2666666666666667,0.040909090909090895,0.3571428571428571,0.2666666666666667,0.2666666666666667,0.02898550724637683,0.375,0.2222222222222222,0.18604651162790697,0.2857142857142857,0.2222222222222222,0.0002466226399583382,0.006392045454545414,0.011848341232227444,0.007058823529411784,0.12195121951219512,0.007153075822603716,0.11111111111111116,0.0001813711660150208,0.00877192982456143,0.00017691678276832157,0.2222222222222222,0.02631578947368418,0.11111111111111116,0.33333333333333337,0.04109589041095896,0.009027081243731194,0.1228070175438597,0.07692307692307687,0.16666666666666663,0.0036082474226803996,0.1228070175438597,0.06593406593406592,0.039735099337748325,0.2222222222222222,0.02422145328719727,0.04958677685950408,0.01869158878504673,0.03409090909090906,0.06000000000000005,0.020253164556962022,0.022277227722772297,0.2222222222222222,0.023872679045092826,0.2222222222222222,0.4736842105263158,1,0.2222222222222222,0.06106870229007633,0,0.015544041450777257,0.2222222222222222,0.2222222222222222,0.33333333333333337,0.38888888888888884,0,0
58,_BZ2_bzclose,0.09090909090909094,0.0006309148264984632,0.03508771929824561,0.0077821011673151474,0.02857142857142858,0.19999999999999996,0.16666666666666663,0.0003415300546447675,0.000335795836131636,0.0011273957158962622,0.1333333333333333,0.009090909090909038,0.1428571428571429,0.1333333333333333,0.1333333333333333,0.007246376811594235,0.125,0.11111111111111116,0.046511627906976716,0.1428571428571429,0,0.000054805031101889945,0.0014204545454545858,0.004739336492891044,0.0015686274509804088,0.04878048780487809,0.0014306151645206988,0,0.00004030470355886884,0,0.00004422919569202488,0,0.006578947368421018,0,0.19999999999999996,0.013698630136986356,0.0020060180541624506,0.03508771929824561,0.02564102564102566,0.04166666666666663,0.0010309278350515427,0.03508771929824561,0.02197802197802201,0.0066225165562914245,0,0.00692041522491349,0.016528925619834656,0.009345794392523366,0.011363636363636354,0.020000000000000018,0.005063291139240533,0.004950495049504955,0.33333333333333337,0.0053050397877983935,0.33333333333333337,0.10526315789473684,0.2222222222222222,1,0.01526717557251911,0,0.005181347150259086,0.11111111111111116,0,0.16666666666666663,0.11111111111111116,0,0
59,_BZ2_bzerror,0.06106870229007633,0.032492113564668745,0.19083969465648853,0.19844357976653693,0.20610687022900764,0.06106870229007633,0.06870229007633588,0.016222677595628454,0.01813297515110812,0.05355129650507329,0.06870229007633588,0.21363636363636362,0.07633587786259544,0.09160305343511455,0.09160305343511455,0.1594202898550725,0.07633587786259544,0.10687022900763354,0.2290076335877863,0.06870229007633588,0.01526717557251911,0.0033157043816622878,0.08380681818181823,0.18957345971563977,0.08313725490196078,0.14503816793893132,0.11015736766809725,0.03053435114503822,0.0025391963242110682,0.2850877192982456,0.002764324730754719,0.007633587786259555,0.1907894736842105,0.01526717557251911,0.03053435114503822,0.20547945205479456,0.11534603811434307,0.25190839694656486,0.20610687022900764,0.09160305343511455,0.06288659793814433,0.25190839694656486,0.17557251908396942,0.3178807947019867,0.01526717557251911,0.301038062283737,0.19083969465648853,0.5267175572519084,0.30113636363636365,0.2442748091603053,0.22784810126582278,0.20792079207920788,0.01526717557251911,0.20424403183023876,0.01526717557251911,0.10687022900763354,0.06106870229007633,0.01526717557251911,1,0.06106870229007633,0.30051813471502586,0.10687022900763354,0.03816793893129766,0.06870229007633588,0.10687022900763354,0,0
60,_add_pair_to_block,0.0714285714285714,0.0034700315457413256,0.07017543859649122,0.046692607003890996,0.0714285714285714,0.1428571428571429,0.1428571428571429,0.001366120218579181,0.001846877098723998,0.006200676437429498,0.1333333333333333,0.027272727272727226,0.0714285714285714,0.06666666666666665,0.06666666666666665,0.03985507246376807,0.0625,0.11111111111111116,0.11627906976744184,0.0714285714285714,0.0714285714285714,0.0003562327021620071,0.009232954545454586,0.018957345971563955,0.010196078431372602,0.09756097560975607,0.01573676680972813,0.2142857142857143,0.0002821329249123039,0.04385964912280704,0.0002874897719985503,0.0714285714285714,0.03289473684210531,0.0714285714285714,0.0714285714285714,0.0547945205479452,0.012036108324974926,0.14035087719298245,0.10256410256410253,0.16666666666666663,0.006185567010309256,0.14035087719298245,0.06593406593406592,0.05960264900662249,0.0714285714285714,0.03114186851211076,0.07438016528925617,0.08411214953271029,0.045454545454545414,0.14,0.017721518987341756,0.017326732673267342,0.0714285714285714,0.021220159151193685,0.0714285714285714,0.26315789473684215,0,0,0.06106870229007633,1,0.051813471502590636,0.11111111111111116,0.1428571428571429,0.1428571428571429,0.16666666666666663,0,0
61,_ioError,0.025906735751295318,0.023659305993690816,0.041450777202072575,0.1556420233463035,0.10880829015544047,0.015544041450777257,0.015544041450777257,0.011612021857923538,0.01410342511752849,0.038895152198421656,0.020725388601036232,0.054545454545454564,0.020725388601036232,0.015544041450777257,0.015544041450777257,0.1594202898550725,0.025906735751295318,0.015544041450777257,0.04663212435233166,0.015544041450777257,0.005181347150259086,0.004850245252514207,0.11008522727272729,0.2985781990521327,0.10117647058823531,0.07253886010362698,0.18311874105865522,0.020725388601036232,0.0038490991898754157,0.48684210526315785,0.004157544395055224,0.010362694300518172,0.16776315789473684,0.015544041450777257,0.015544041450777257,0.20725388601036265,0.1664994984954865,0.12435233160621761,0.1917098445595855,0.041450777202072575,0.09381443298969072,0.12435233160621761,0.17616580310880825,0.3160621761658031,0.005181347150259086,0.342560553633218,0.27461139896373055,0.3523316062176166,0.3160621761658031,0.1968911917098446,0.15696202531645564,0.12128712871287128,0.005181347150259086,0.14854111405835546,0.005181347150259086,0.051813471502590636,0.015544041450777257,0.005181347150259086,0.30051813471502586,0.051813471502590636,1,0.015544041450777257,0.010362694300518172,0.015544041450777257,0.03626943005181349,0,0
62,_main.cold.2,0.2222222222222222,0.005678233438485836,0.3157894736842105,0.05836575875486383,0.24285714285714288,0.4444444444444444,0.6666666666666667,0.0030737704918032405,0.003022162525184724,0.01014656144306647,0.2777777777777778,0.08181818181818179,0.38888888888888884,0.8333333333333334,0.8333333333333334,0.047101449275362306,0.6111111111111112,1,0.41860465116279066,0.5,0.11111111111111116,0.0004932452799166764,0.01278409090909094,0.011848341232227444,0.014117647058823568,0.07317073170731703,0.007153075822603716,0.05555555555555558,0.0003627423320301526,0.00877192982456143,0.00037594816338260006,0.11111111111111116,0.03618421052631582,0.11111111111111116,0.11111111111111116,0.04109589041095896,0.016048144433299938,0.08771929824561409,0.05128205128205132,0.08333333333333337,0.007216494845360799,0.08771929824561409,0.07692307692307687,0.052980132450331174,0.11111111111111116,0.03114186851211076,0.05785123966942152,0.028037383177570097,0.045454545454545414,0.06000000000000005,0.03544303797468351,0.034653465346534684,0.11111111111111116,0.04774535809018565,0.11111111111111116,0.26315789473684215,0.2222222222222222,0.11111111111111116,0.10687022900763354,0.11111111111111116,0.015544041450777257,1,0.2222222222222222,0.6666666666666667,0.4444444444444444,0,0
63,_main.cold.3,0.19047619047619047,0.0066246056782334195,0.3508771929824561,0.06614785992217898,0.2857142857142857,0.38095238095238093,0.5714285714285714,0.0035860655737705027,0.003525856279382178,0.01183765501691092,0.23809523809523814,0.09545454545454546,0.33333333333333337,0.7142857142857143,0.7142857142857143,0.05434782608695654,0.5238095238095238,0.8571428571428572,0.4883720930232558,0.47619047619047616,0.09523809523809523,0.0005754528265694558,0.014914772727272707,0.011848341232227444,0.015686274509803977,0.07317073170731703,0.007153075822603716,0.04761904761904767,0.00042319938736845586,0.00877192982456143,0.0004422919569208039,0.09523809523809523,0.042763157894736836,0.09523809523809523,0.09523809523809523,0.04109589041095896,0.01905717151454367,0.08771929824561409,0.05128205128205132,0.04166666666666663,0.008247422680412342,0.08771929824561409,0.07692307692307687,0.052980132450331174,0.09523809523809523,0.03460207612456745,0.05785123966942152,0.028037383177570097,0.051136363636363646,0.06000000000000005,0.040506329113924044,0.03960396039603964,0.09523809523809523,0.0557029177718833,0.09523809523809523,0.19047619047619047,0.19047619047619047,0.09523809523809523,0.12213740458015265,0.09523809523809523,0.015544041450777257,0.8571428571428572,0.19047619047619047,0.5714285714285714,0.4285714285714286,0,0
64,_BZ2_bz__AssertH__fail,0.36363636363636365,0.001577287066246047,0.08771929824561409,0.01945525291828798,0.0714285714285714,0.30000000000000004,0.25,0.0008538251366120297,0.00083948959032909,0.002818489289740711,0.19999999999999996,0.022727272727272707,0.2142857142857143,0.2666666666666667,0.2666666666666667,0.010869565217391353,0.1875,0.2222222222222222,0.11627906976744184,0.1428571428571429,0.4,0.00013701257775466935,0.0035511363636363535,0.004739336492891044,0.0039215686274509665,0.024390243902439046,0.0028612303290415086,0.19999999999999996,0.00010076175889728312,0.00877192982456143,0.00008845839138416078,0.19999999999999996,0.006578947368421018,0.4,0.4,0.0273972602739726,0.005015045135406182,0.03508771929824561,0.02564102564102566,0.08333333333333337,0.0020618556701030855,0.03508771929824561,0.03296703296703296,0.0331125827814569,0.4,0.01730103806228378,0.04132231404958675,0.028037383177570097,0.022727272727272707,0.040000000000000036,0.0075949367088608,0.00990099009900991,0.19999999999999996,0.01326259946949604,0.19999999999999996,0.1578947368421053,0.2222222222222222,0,0.03816793893129766,0.1428571428571429,0.010362694300518172,0.2222222222222222,1,0.25,0.2777777777777778,0,0