result,709185959,1.0000000000000002
left,birthmark,bzip2-1.0.6,/Users/tamada/researches/2026snpd_tamada_experiments/experiments/experiment0/executables/bzip2-1.0.6,op-seq,2026-04-17T04:57:47.828330+00:00,3908292
right,birthmark,bzip2-1.0.3,/Users/tamada/researches/2026snpd_tamada_experiments/experiments/experiment0/executables/bzip2-1.0.3,op-seq,2026-04-17T04:57:16.349313+00:00,1592375
matrix,,_fopen_output_safely,entry,_mySIGSEGVorSIGBUScatcher,_addFlagsFromEnvVar,_snocString,_usage,_mySignalCatcher,_compress,_uncompress,_testf,_showFileNames,_cleanUpAndFail,_cadvise,_outOfMemory,_panic,_configError,_crcError,_compressedStreamEOF,_OUTLINED_FUNCTION_0,_OUTLINED_FUNCTION_1,_BZ2_blockSort,_fallbackSort,_mainGtU,_BZ2_hbMakeCodeLengths,_BZ2_hbAssignCodes,_BZ2_hbCreateDecodeTables,_BZ2_bsInitWrite,_BZ2_compressBlock,_bsPutUInt32,_BZ2_decompress,_BZ2_bzlibVersion,_BZ2_bzCompressInit,_default_bzalloc,_default_bzfree,_BZ2_bzCompress,_handle_compress,_BZ2_bzCompressEnd,_BZ2_bzDecompressInit,_BZ2_indexIntoF,_BZ2_bzDecompress,_BZ2_bzDecompressEnd,_BZ2_bzWriteOpen,_BZ2_bzWrite,_BZ2_bzWriteClose,_BZ2_bzWriteClose64,_BZ2_bzReadOpen,_BZ2_bzReadClose,_BZ2_bzRead,_BZ2_bzReadGetUnused,_BZ2_bzBuffToBuffCompress,_BZ2_bzBuffToBuffDecompress,_BZ2_bzopen,_bzopen_or_bzdopen,_BZ2_bzdopen,_BZ2_bzread,_BZ2_bzwrite,_BZ2_bzflush,_BZ2_bzclose,_BZ2_bzerror,_add_pair_to_block,_ioError,_main.cold.1,_main.cold.2,_main.cold.3,_BZ2_bz__AssertH__fail
0,entry,0.21679330680137365,0.3757443981624618,0.3953148726041133,0.5851421232041205,0.4879500364742666,0.38575837490522974,0.11055403687476312,0.1351007772398629,0.200713889914215,0.4862645390838647,0.2359566013863027,0.42479539524287324,0.375747653460452,0.375747653460452,0.30353336748368115,0.47140452079103173,0.3640126041546321,0.3759506009867954,0.2916059217599022,0.6172133998483676,0.15251413069542671,0.328227620447051,0.212665919340512,0.2968864509380794,0.49487165930539356,0.14256363897506075,0.1091089451179962,0.09027713403298535,0.08362178464006419,0.03237529045487225,0.3086066999241838,0.09528818946359235,0.4364357804719848,0.5773502691896257,0.522146291634091,0.18408793059405945,0.22809258668019633,0.22645540682891915,0.3855701541695039,0.2803402118065814,0.22809258668019633,0.5169889620342157,0.3513764637646855,0.6172133998483676,0.34238470823550826,0.410825914329571,0.20932860854091978,0.41467117498443484,0.2895330120717931,0.36584791716974013,0.22184270826342173,0.5039526306789697,0.2642333358291317,0.5039526306789697,0.5532833351724882,0.5921565254637922,0.3086066999241838,0.24209101306752098,0.046524210519923545,0.056575008579701734,0.3640126041546321,0.657951694959769,0.38575837490522974,0.6113149794833976,0
1,_mySIGSEGVorSIGBUScatcher,0.993191510416421,0.8830985821771141,0.515659142510504,0.6825589785997628,0.5349296495804534,0.7359387976483726,0.9859912878606397,0.9933686117287884,0.9989338011919634,0.6861030084198334,0.9953858285788911,0.4464351055374611,0.791056071894092,0.791056071894092,0.47114177883791597,0.7411086016472186,0.8112864464652234,0.8731200434423231,0.6188250171281109,0.02913829375386815,0.9574523973315612,0.6500102787616235,0.07901180178650535,0.6341147471730767,0.3808736807483904,0.1474799826903008,0.018654868946931188,0.9808935992689488,0.10844798666206472,0.029483341338596373,0.12127830373231609,0.5913159563558569,0.02060388510556579,0.03851673495631931,0.12281300180076012,0.4197437901444525,0.08974316375583109,0.10379187112462065,0.33717759999869285,0.37061672858890143,0.08974316375583109,0.1434438706052433,0.0741422253479263,0.02913829375386815,0.08978168742708093,0.12230519218587194,0.043789840330084984,0.08653786892661676,0.044416134668179306,0.8054394865267827,0.9367477553989355,0.03407945440209071,0.9423574949859505,0.03407945440209071,0.3507165204623643,0.5287175341964521,0.12127830373231609,0.5156940709706406,0.026594025037411657,0.043662086855338116,0.8112864464652234,0.04096763364367555,0.7359387976483726,0.5914828865907049,0
2,_addFlagsFromEnvVar,0.8661777924678362,1.0000000000000002,0.6168246623524826,0.8892272274656976,0.8384954803521664,0.9334557717919229,0.8334410559599584,0.8423054678349552,0.8874612396181535,0.8242304188204481,0.8907075066263307,0.7945254619690877,0.9274773448271414,0.9274773448271414,0.5543645659779897,0.9505848293622025,0.9095583841963573,0.9682287151848157,0.8948158811736556,0.18939682326212925,0.7536433805063651,0.642958782329641,0.1707241357397965,0.6859590013091411,0.5090767837187208,0.22900413595446292,0.0765278731793381,0.8089180208908247,0.11641423240402103,0.08212614616653344,0.4329070245991526,0.5585424530710149,0.13392377806384168,0.20247372079721848,0.34890635680986704,0.4291684630086443,0.23815465829015015,0.18010579199658489,0.5746741079270504,0.4807626169335123,0.23815465829015015,0.3833312606217995,0.20339694883788187,0.18939682326212925,0.22484169282850555,0.2618651388782761,0.14157729366190822,0.2588036672173736,0.1464486253045317,0.7706281525516857,0.8111437952509232,0.19882524681270178,0.8936942348314906,0.19882524681270178,0.6079718616547141,0.7614427240193006,0.4329070245991526,0.5306253283659786,0.09789478429803712,0.091172095824767,0.9095583841963573,0.21920320842979865,0.9334557717919229,0.85189815880613,0
3,_snocString,0.5781317524596538,0.6642346049767109,0.9461625099866247,0.7051622447486775,0.583559510670121,0.5339153146320343,0.41060254712976885,0.45404907134824485,0.5516606682437767,0.8875620980506365,0.5697071382697977,0.665957294071674,0.4699569592290117,0.4699569592290117,0.8478283837729569,0.6832229476534749,0.4249433420988826,0.637796248211415,0.5877699626984056,0.10367287662757949,0.5269601280712354,0.8713659435886584,0.46559238743197845,0.8598029234660092,0.9088139297319506,0.601236548649426,0.20526182344773777,0.4361568251026234,0.4304000925184442,0.31178173435462925,0.37322235585928615,0.5231507572299988,0.14661558817695555,0.28816051430525264,0.6984756767932594,0.6192655642265402,0.5767779121869385,0.5064427631938372,0.819263747326367,0.752305660580722,0.5767779121869385,0.6788270229315251,0.5370149296020413,0.10367287662757949,0.6017135722851036,0.6356023518664947,0.43666328932486353,0.554382773601528,0.4429311678916095,0.8113659703122568,0.6451537906296075,0.18622680846299333,0.5926284711183712,0.18622680846299333,0.7633027750488324,0.7691889784149075,0.37322235585928615,0.6474935759618065,0.3938577101956488,0.36490990835153386,0.4249433420988826,0.19450755776009157,0.5339153146320343,0.7090470832544453,0
4,_usage,0.14071940510912592,0.38189420576224936,0.5805683926368747,0.724813955326399,0.5300319350190871,0.41902703682166925,0.061440398791472006,0.08216234076895114,0.15253121255870128,0.4980843485271199,0.17698605482672677,0.536311994073122,0.38832367443675553,0.38832367443675553,0.5215708380066533,0.48125892593191666,0.3641896100508963,0.41979175434193283,0.366768560976447,0.529297309669477,0.06321136471662528,0.4248140145490888,0.26673706209769177,0.44549485215592477,0.5186890731849548,0.46195411002862663,0.4054588600086734,0.0641263846533854,0.3179897329654687,0.3276121660232128,0.35286487311298464,0.4736152475442813,0.4366480030862637,0.6129961774004011,0.6037520881751174,0.46343350800332395,0.37342390858005475,0.5432948783474638,0.46153146538135387,0.48769186147612675,0.37342390858005475,0.8085839014102811,0.5651380408103689,0.529297309669477,0.5546067003647656,0.7252460907399154,0.3547494485189421,0.6167842807854365,0.566614688239428,0.3378699835486108,0.21474439445249624,0.4681835639426528,0.3087465764951999,0.4681835639426528,0.5799120134139611,0.6394638716575693,0.35286487311298464,0.351335744561717,0.27928100115971466,0.3203625560562358,0.3641896100508963,0.5830405888642544,0.41902703682166925,0.5702249450032048,0
5,_mySignalCatcher,0.5134565966254347,0.8384954803521664,0.5371675961612659,0.866077698425577,0.9999999999999998,0.9486832980505138,0.47032390778623806,0.4778038206607896,0.5463195073428839,0.7474093186836597,0.5609378771355948,0.9068453126375146,0.8885233166386385,0.8885233166386385,0.47178578514405883,0.9315885051121782,0.8392543274162825,0.8186238009832306,0.926302172234155,0.4743416490252569,0.3695858806097756,0.48838976108758664,0.25942585774759064,0.5708692870528593,0.4394802124588286,0.32179399700835537,0.22360679774997896,0.4452708647845341,0.18435651521805277,0.22116533821647846,0.6324555320336759,0.3945507151635723,0.33541019662496846,0.33806170189140655,0.48201867954981187,0.4037053326491151,0.33996414629706817,0.2237603211444811,0.5926377579897537,0.5063688388408115,0.33996414629706817,0.46921249615938304,0.28630778725048844,0.4743416490252569,0.3256161393853272,0.3128840681937159,0.285997326083418,0.3744982812451903,0.21680684567912825,0.5447011548388228,0.48822379257897447,0.5163977794943222,0.6154873291176155,0.5163977794943222,0.7181324987175316,0.7416198487095663,0.6324555320336759,0.4865978049268947,0.28603877677367767,0.20980390899998025,0.8392543274162825,0.5393598899705937,0.9486832980505138,0.9561016864238912,0
6,_compress,0.6987265532193465,0.9334557717919229,0.49892720513392214,0.8953697823254084,0.9486832980505138,0.9999999999999998,0.7048498850936403,0.7027040606430582,0.7429897615854191,0.722185380728474,0.749295039334484,0.8316320352807863,0.9834151021607785,0.9834151021607785,0.4503381050844577,0.9547032697824666,0.9583727150068314,0.9326990598429291,0.9212884029599914,0.37499999999999994,0.5615961752662828,0.5139142464072872,0.20509414860630643,0.5934022225795657,0.3474396144861517,0.25440049197895315,0.17677669529663687,0.6781075658406609,0.14574662239513503,0.17484655206138844,0.4999999999999999,0.5198662134855092,0.2651650429449553,0.26726124191242434,0.3810692255310577,0.4411711261247332,0.26876525627335834,0.1768980661968237,0.46852128566581813,0.47338187033944756,0.26876525627335834,0.3709450486191646,0.22634617988861522,0.37499999999999994,0.2574221608421234,0.24735657476789685,0.22610073878537096,0.29606688713828,0.17140086116567016,0.6206052821861883,0.6575866930742397,0.40824829046386296,0.7977353422916097,0.40824829046386296,0.6274950199005567,0.6929023281557339,0.4999999999999999,0.5280049792181877,0.2261335084333227,0.1658645536116593,0.9583727150068314,0.42640143271122083,0.9999999999999998,0.912250561499702,0
7,_uncompress,0.970948225688217,0.8427197673897422,0.4246496224095651,0.6435823959361304,0.4815846585995436,0.7115419775621432,0.999667674043854,0.9989604853270797,0.9876612542784768,0.5928552060460552,0.9812652313206757,0.374094607780005,0.7841256175095156,0.7841256175095156,0.39641692279242663,0.6889226640238172,0.8147646429872676,0.852772109691008,0.5630534704925977,0.018093099480016934,0.9376404118503715,0.5786314699910025,0.04321285884708727,0.5701783534386785,0.2620007459360293,0.09875431426519773,0.009304547880002016,0.9930178991349619,0.07881986936040411,0.014957679117291293,0.051400850795502655,0.601897922471001,0.013084520456252835,0.022749225842599852,0.06743666284404633,0.40241163877298314,0.05874037158174163,0.07371157803747065,0.21587456815406722,0.3149471331360832,0.05874037158174163,0.07782243860555979,0.04002792951334949,0.018093099480016934,0.05309087108292006,0.07455872969446062,0.023356437875698986,0.045153243329737934,0.024304885640511226,0.7461755350600009,0.9152020721450244,0.020480686038476404,0.9378747389324963,0.020480686038476404,0.2786726409940467,0.4507093400174434,0.051400850795502655,0.4923395914553534,0.018473544045865275,0.025131612541625815,0.8147646429872676,0.0253365102635754,0.7115419775621432,0.5281740851172934,0
8,_testf,0.9857019431366966,0.8465720628000523,0.4624113304727814,0.6445501720977609,0.4826979913646557,0.7018344977676575,0.9952664086814833,0.9994107884002398,0.9944827257371631,0.6326764717444471,0.9903572222235703,0.38033508795378884,0.7699095502368564,0.7699095502368564,0.42493580341754295,0.6948640894854885,0.7981101682257297,0.8498006378554762,0.5606975284594335,0.02378904262281159,0.9598172895035206,0.6154143936291834,0.050703636711298634,0.5943634455291142,0.3155982064475022,0.11584068354044129,0.01028881341224399,0.9912356456594833,0.09284607507311904,0.016586038288034986,0.06235962629280708,0.5906643976705551,0.017148022353739984,0.029999360102778528,0.08143606719362795,0.40578433226526356,0.06739733184239882,0.08486078910582032,0.25992141891481085,0.3321586491977205,0.06739733184239882,0.09474997647650962,0.04967924911998334,0.02378904262281159,0.0644655652959487,0.09006990651356472,0.02846767815179872,0.05617160218651819,0.030236144215955548,0.7798530165462854,0.9320679199556738,0.027909742241070894,0.9347740595158835,0.027909742241070894,0.2993506659517953,0.4765560825919164,0.06235962629280708,0.503474594201249,0.01977706027755096,0.028247359573885616,0.7981101682257297,0.03220372783789144,0.7018344977676575,0.5400048294426965,0
9,_showFileNames,0.9945321625766079,0.8839079845172961,0.5223396343425363,0.6852561378647104,0.5389848814206374,0.7365677467770685,0.9840269104176054,0.9923983063760954,0.9994990400784829,0.6965746769672883,0.9972457489104866,0.4496579062197849,0.790751984850695,0.790751984850695,0.4741687104291996,0.7455369972189813,0.8104368036895253,0.8748790091170122,0.6178274607443706,0.03889466649647886,0.9605824094212699,0.6571009742610221,0.07700964261571054,0.6387674021368418,0.3887743789985322,0.14869606869376453,0.01817141517805408,0.9789608339632336,0.10914371116227141,0.02826134363340927,0.12432402326553064,0.5912999971629759,0.02750268243164942,0.048262671189657345,0.13182719327692707,0.41978060279881685,0.1039753392818977,0.11354465835521484,0.34363332116092893,0.37319670857102955,0.1039753392818977,0.14823384482348942,0.07702249005112258,0.03889466649647886,0.09502666132790809,0.12629554126372497,0.04776190360805025,0.09106358415692588,0.048821415560974205,0.8142819097739624,0.9405817231066951,0.0459347560547613,0.941196575697095,0.0459347560547613,0.36144434109379164,0.5407810359563339,0.12432402326553064,0.5211470895070859,0.033925065663315004,0.04125402364747414,0.8104368036895253,0.052123473345188805,0.7365677467770685,0.5986990640980708,0
10,_cleanUpAndFail,0.7250299125753186,0.8242304188204481,0.801993066573518,0.7745644098378819,0.7474093186836597,0.722185380728474,0.5749223620593498,0.6133863757825472,0.7001093483507482,1.0000000000000002,0.7212388439142691,0.7832178030674114,0.6640906067234306,0.6640906067234306,0.7023319861882789,0.8309489698388166,0.6195224741298931,0.7798050730945446,0.7444375004781978,0.2626128657194451,0.668385783212206,0.800843829666476,0.34593741148090323,0.7579181044346603,0.8281976394854439,0.4046707015621221,0.18569533817705186,0.5818740838831751,0.28247982541246375,0.18734117271986195,0.5252257314388902,0.4103980838340402,0.18569533817705186,0.3509312031717982,0.5323919848043474,0.468175885340259,0.40584198139566435,0.29594006644141735,0.7997581636151854,0.6318938933241387,0.40584198139566435,0.5342109735869037,0.37105855462760134,0.2626128657194451,0.41323139675441983,0.4204620135953876,0.30112602640810054,0.418659089024719,0.3032392174315614,0.8607948470873,0.7390304979120517,0.3216337604513385,0.6780354364041827,0.3216337604513385,0.7533177846892134,0.8398387664337815,0.5252257314388902,0.6061462230889579,0.2771326538627136,0.20862068856928048,0.6195224741298931,0.2799462554779272,0.722185380728474,0.8213785172900903,0
11,_cadvise,0.9923680243374394,0.8907075066263307,0.5448359109742587,0.7113270918973673,0.5609378771355948,0.749295039334484,0.9766841344954081,0.9866179457330421,0.9975022713748767,0.7212388439142691,1,0.4658842749636848,0.8020332600334001,0.8020332600334001,0.4889971817106178,0.7634896430577909,0.8206901956435887,0.8918483173825887,0.6207432971757193,0.06728363618513734,0.9572900841097395,0.67951137908248,0.10104803698021798,0.6546353493631871,0.4132661367885556,0.17258273240913874,0.03027609162416312,0.9735684532677389,0.13470250860696784,0.05236188232610888,0.12233388397297698,0.596503689744305,0.04757671540939919,0.08173776439647064,0.17397717587011513,0.4453887158669967,0.14302407489456914,0.13561459903237508,0.3582251787469513,0.4015088245442589,0.14302407489456914,0.178881675850295,0.11948571396032091,0.06728363618513734,0.1421107248337082,0.16109371824647067,0.08811616120692274,0.13387104131868324,0.08475540101137287,0.8363711278455792,0.9505516976787213,0.08490241829621314,0.946097189783016,0.08490241829621314,0.3977101258021501,0.5659722758379814,0.12233388397297698,0.5601127173993281,0.06270459153499112,0.06631905784340493,0.8206901956435887,0.09650218528113046,0.749295039334484,0.6300569399580013,0
12,_outOfMemory,0.4343112996214308,0.7945254619690877,0.5983953861725426,0.800933856165856,0.9068453126375146,0.8316320352807863,0.35932402573129274,0.37282445051229535,0.45725365782984617,0.7832178030674114,0.4658842749636848,1.0000000000000002,0.7305495724090181,0.7305495724090181,0.5324190390734748,0.876095805063078,0.659597339204445,0.7336314490088525,0.9321432172384291,0.3441236008058426,0.2812958215675639,0.487183362140677,0.26671662867516144,0.5717971062597034,0.5886137659055672,0.3201653516674752,0.24333213169614382,0.33123101008862227,0.15070002630280815,0.1668682082325474,0.8029550685469661,0.34406286489389826,0.24333213169614382,0.4291975376394761,0.5839874838850375,0.3410869718917509,0.40849073260796154,0.2585300127560865,0.7524030820950195,0.5215653562142495,0.40849073260796154,0.5984495955131123,0.3398882725174572,0.3441236008058426,0.36432157672583076,0.38381938777541497,0.2778807156274397,0.4258212137145774,0.2980197803396349,0.5450990450970473,0.4207234128263293,0.37463432463267765,0.5275230611998303,0.37463432463267765,0.7951923208052687,0.8314971796756815,0.8029550685469661,0.4222338078556415,0.24210006235312614,0.17223508910179727,0.659597339204445,0.2934695928267111,0.8316320352807863,0.8610567718228919,0
13,_panic,0.7475238798154236,0.9274773448271414,0.43642538967990974,0.8907382871307888,0.8885233166386385,0.9834151021607785,0.7804973521048938,0.7734310900746748,0.7960198502108943,0.6640906067234306,0.8020332600334001,0.7305495724090181,1,1,0.3974567543079474,0.9197090092274486,0.9942627179989935,0.9484286521465705,0.8495907904857464,0.37463432463267754,0.6227432636378847,0.4841708859743919,0.15367061569847523,0.5528268918737769,0.26032561064731463,0.19061431299751203,0.13245323570650439,0.7526097476786041,0.10920337489699058,0.13362718068957594,0.37463432463267754,0.5453272378077753,0.26490647141300877,0.2503130871608794,0.2940889206069581,0.424516467154486,0.2013773805373962,0.1325441751169475,0.3510483108628952,0.4103457620849683,0.2013773805373962,0.29586894685510484,0.1798725265606986,0.37463432463267754,0.20374474092797193,0.19881554678421032,0.1724353772038212,0.23889776251201258,0.12842529172852035,0.6092450047546912,0.697749523423419,0.38235955645093633,0.8416002875146492,0.38235955645093633,0.537328395407574,0.6389784510646973,0.37463432463267754,0.5143028508594515,0.1694347484174715,0.12427711004560905,0.9942627179989935,0.4392976851069794,0.9834151021607785,0.8592832235509577,0
14,_uInt64_toAscii,0.7475238798154236,0.9274773448271414,0.43642538967990974,0.8907382871307888,0.8885233166386385,0.9834151021607785,0.7804973521048938,0.7734310900746748,0.7960198502108943,0.6640906067234306,0.8020332600334001,0.7305495724090181,1,1,0.3974567543079474,0.9197090092274486,0.9942627179989935,0.9484286521465705,0.8495907904857464,0.37463432463267754,0.6227432636378847,0.4841708859743919,0.15367061569847523,0.5528268918737769,0.26032561064731463,0.19061431299751203,0.13245323570650439,0.7526097476786041,0.10920337489699058,0.13362718068957594,0.37463432463267754,0.5453272378077753,0.26490647141300877,0.2503130871608794,0.2940889206069581,0.424516467154486,0.2013773805373962,0.1325441751169475,0.3510483108628952,0.4103457620849683,0.2013773805373962,0.29586894685510484,0.1798725265606986,0.37463432463267754,0.20374474092797193,0.19881554678421032,0.1724353772038212,0.23889776251201258,0.12842529172852035,0.6092450047546912,0.697749523423419,0.38235955645093633,0.8416002875146492,0.38235955645093633,0.537328395407574,0.6389784510646973,0.37463432463267754,0.5143028508594515,0.1694347484174715,0.12427711004560905,0.9942627179989935,0.4392976851069794,0.9834151021607785,0.8592832235509577,0
15,_configError,0.7261890861621791,0.9505848293622025,0.6299549002537993,0.9063269671749657,0.9315885051121782,0.9547032697824666,0.677677796501887,0.688886234004565,0.751466614627983,0.8309489698388166,0.7634896430577909,0.876095805063078,0.9197090092274486,0.9197090092274486,0.5474283602174217,1,0.884797996620707,0.9221228546165695,0.9278843611976129,0.32732683535398854,0.5968698731120695,0.6295738648269011,0.23937645036836516,0.6750305117350129,0.548219132908616,0.2981934532375252,0.1543033499620919,0.6543260446335575,0.1845558087973569,0.1571971403082,0.5455447255899809,0.49640391637034237,0.23145502494313785,0.29160592175990213,0.47565302029531564,0.44918450650199393,0.31524045616080587,0.22875450543583875,0.6304783133466721,0.5314489673128867,0.31524045616080587,0.47001394395384233,0.2813892041695383,0.32732683535398854,0.3148915506183868,0.33367989381508484,0.23612343966445518,0.35285411500644404,0.21260501606769033,0.7141710634677293,0.6907472989297568,0.3563483225498992,0.7916672830052791,0.3563483225498992,0.7042147167923565,0.7909115788387002,0.5455447255899809,0.5398886213214593,0.19738550848793068,0.16192326847873842,0.884797996620707,0.37219368415938836,0.9547032697824666,0.9327822981462446,0
16,_crcError,0.76470250785174,0.9095583841963573,0.392791153317254,0.8741838393628372,0.8392543274162825,0.9583727150068314,0.8129996295184362,0.8031411096572623,0.8149422393605468,0.6195224741298931,0.8206901956435887,0.659597339204445,0.9942627179989935,0.9942627179989935,0.36010109406105517,0.884797996620707,1.0000000000000002,0.9429872495113711,0.7941214529198779,0.3686048903872428,0.6491417944387877,0.45911559287475184,0.12095792986574797,0.520317811552303,0.20490870562216618,0.15003722473658027,0.10425720702853739,0.7848693471252227,0.0859566684356314,0.10724362547753995,0.29488391230979427,0.5518806584770286,0.26064301757134345,0.23643312187173018,0.23822691026117873,0.4081062174019957,0.15850910052566478,0.10432878768031269,0.2763187794351024,0.3668011342713361,0.15850910052566478,0.24700002913592356,0.14967250553281572,0.3686048903872428,0.16892570868859016,0.1671022870434828,0.13810933160327046,0.20147391227242692,0.10108671302760142,0.5930904971725819,0.710608227792479,0.3611575592573077,0.8544100289985097,0.3611575592573077,0.47581247937391297,0.597259882788835,0.29488391230979427,0.49824055677091467,0.1333662673423161,0.09782157696504742,1.0000000000000002,0.44008622942335207,0.9583727150068314,0.814709987019283,0
17,_compressedStreamEOF,0.8966303815765363,0.9681396350066424,0.637056708681758,0.8937458009983845,0.788356122792286,0.8982135795057888,0.8663268588695586,0.8776450197430791,0.9158991375825408,0.8376233659741152,0.9288388999980416,0.7065062657651134,0.9133615881352816,0.9133615881352816,0.562359558564469,0.9120291854009067,0.9081213751352623,0.9881485655799861,0.7898404435500129,0.21997067253202993,0.8106026193554706,0.7048831578196875,0.21173831501416385,0.7029976446258706,0.5134294800936015,0.2818758531325995,0.10369516947304253,0.8568678474613828,0.19928364738464455,0.15281882489015147,0.29329423004270655,0.5941856254574315,0.1555427542095638,0.25475508554262666,0.3878259556800042,0.5164120511071448,0.3029924301504318,0.21137592716061207,0.5095791036116577,0.530181952701807,0.3029924301504318,0.3878052479913485,0.29773127957344925,0.21997067253202993,0.3344350230663077,0.3231695046350021,0.24512511988370533,0.3348146018408602,0.23283356616701592,0.8424923325907436,0.8867660862797924,0.2694079530401624,0.9255291213920883,0.2694079530401624,0.6134688957245553,0.7347338443898488,0.29329423004270655,0.6592646074839581,0.17686307531415274,0.1645040651516786,0.9081213751352623,0.29702006475334314,0.8982135795057888,0.8408960247005429,0
18,_OUTLINED_FUNCTION_0,0.5936307777576821,0.8948158811736556,0.5595905660700708,0.8019652685281737,0.926302172234155,0.9212884029599914,0.5513564787059224,0.5571434887142248,0.623445095239198,0.7444375004781978,0.6207432971757193,0.9321432172384291,0.8495907904857464,0.8495907904857464,0.5075026810933218,0.9278843611976129,0.7941214529198779,0.8201651098732596,1,0.1889822365046136,0.4396145794375391,0.49759560893110355,0.20819201053583777,0.6079244896315006,0.47477169593953905,0.2710636854637857,0.1336306209562122,0.518637786654722,0.1101740906529041,0.13349328551287348,0.6614378277661476,0.42513498491685453,0.1336306209562122,0.15152288168283162,0.40040514864190807,0.3527094291193492,0.2793552257390119,0.19315453261414228,0.6640665031135747,0.4777377421552684,0.2793552257390119,0.42513486073458473,0.1918412206165049,0.1889822365046136,0.2165188190908052,0.2447790478102228,0.16786402007180476,0.2711490074338557,0.12956687232762049,0.562002780928082,0.5325951597978975,0.23145502494313788,0.6672544802214856,0.23145502494313788,0.6550432296063071,0.7252406676228422,0.6614378277661476,0.4048361652533707,0.1709408646894569,0.13033109945112054,0.7941214529198779,0.20145574100634506,0.9212884029599914,0.8669214468630108,0
19,_OUTLINED_FUNCTION_1,0.027338889805576926,0.18939682326212925,0.04641183303571368,0.4213504858001922,0.4743416490252569,0.37499999999999994,0.01623684264885932,0.01956442978546446,0.038343191201584435,0.2626128657194451,0.06728363618513734,0.3441236008058426,0.37463432463267754,0.37463432463267754,0.03315372552769014,0.32732683535398854,0.3686048903872428,0.22841609628806428,0.1889822365046136,0.9999999999999998,0.0005918235637866879,0.023237861576677336,0.009375732507716865,0.013976107303149729,0.05345224838248487,0.012921929751311905,0.35355339059327373,0.0010926625901283439,0.008211077318035775,0.027975448329822152,0.4999999999999999,0.012602817296618406,0.7071067811865475,0.8017837257372731,0.22864153531863463,0.01581663448334511,0.06719131406833959,0.026207120918047954,0.07808688094430302,0.04261958961255476,0.06719131406833959,0.23931938620591267,0.08230770177767827,0.9999999999999998,0.0725132847442601,0.10793741444417317,0.0807502638519182,0.15942063153599692,0.14433756729740646,0.0810586491018695,0.012253168193929933,0.8164965809277259,0.0662021030947394,0.8164965809277259,0.35856858280031806,0.42640143271122083,0.4999999999999999,0.07542928274545538,0.1507556722888818,0.008729713347982069,0.3686048903872428,0.8528028654224417,0.37499999999999994,0.4170288281141495,0
20,_BZ2_blockSort,0.8909367198481867,0.7074677183385271,0.7169628499225663,0.5310139676356505,0.4031102711856289,0.49934531422688844,0.7604938562989055,0.7988481866840953,0.8448298941481032,0.8002205829264861,0.8514814206109274,0.3700497765830102,0.5107714215481131,0.5107714215481131,0.64834279662703,0.6056996166465711,0.5095837549134311,0.656038809785067,0.4602499699077071,0.007949776146895736,0.921095998237738,0.8354704870388103,0.20841842286372725,0.7698376582333347,0.6808283082026552,0.3573776112701923,0.10427586854524247,0.7909682496887857,0.29488535368012514,0.14140099925423522,0.14945579156163985,0.4780445444930512,0.03457124482766799,0.030170272052420743,0.22291647626236155,0.46302199818239426,0.1722652796395488,0.23223742817629167,0.5770707885809454,0.5015844659257461,0.1722652796395488,0.24643542952589786,0.16860936970418822,0.007949776146895736,0.20326134087916387,0.25341911949247203,0.14029099279233237,0.17832637014037264,0.12834243345297028,0.888000740089733,0.8822288769167114,0.048357689570954654,0.7467976803427282,0.048357689570954654,0.42111977106159637,0.552706227816421,0.14945579156163985,0.5408446345432777,0.12895578599868082,0.17025722159132367,0.5095837549134311,0.026779387916281667,0.49934531422688844,0.5211629325246925,0
21,_fallbackSort,0.7015974701058454,0.6461295173243959,0.8377892537872212,0.599700225286894,0.4853693686690489,0.5031406720004413,0.5589747594178655,0.5997727878886834,0.6724743739325031,0.8251774242923715,0.6849182341578312,0.4909074959232296,0.4701342564588519,0.4701342564588519,0.8316694796061591,0.6331328660581254,0.44337234617775056,0.6266491570395901,0.49873193574713093,0.025450695470839446,0.6983282613798284,0.9938721215374731,0.5483462617751492,0.9055799208186494,0.8386323633119803,0.7024202077483866,0.369617534410995,0.6146571424504239,0.6281224498876796,0.4940421103502054,0.22122527601575825,0.5065636768292701,0.1370491981523914,0.11720342487015448,0.5557078006112091,0.7214302479438275,0.3760829044672651,0.46432727350438296,0.7386884418568713,0.8308549788613049,0.3760829044672651,0.5382432713539861,0.5565154125067143,0.025450695470839446,0.5867029466871684,0.5819588121240707,0.528331734733017,0.565846496789977,0.4815099588746845,0.921267906330189,0.8103025393098355,0.23657692795827917,0.6872794144129039,0.23657692795827917,0.69917819438741,0.5868542882785256,0.22122527601575825,0.765351134470641,0.45451757900969536,0.5324734776949628,0.44337234617775056,0.07095677738787294,0.5031406720004413,0.6286560580237375,0
22,_mainGtU,0.08332697718920218,0.1707241357397965,0.39641703281119384,0.2796368015598159,0.25942585774759064,0.20509414860630643,0.03356321459176805,0.04659648708075791,0.09333995534476953,0.34593741148090323,0.10104803698021798,0.26671662867516144,0.15367061569847523,0.15367061569847523,0.508431382642173,0.23937645036836516,0.12095792986574797,0.2123721817426675,0.20819201053583777,0.009375732507716865,0.04851325595898283,0.5841315221974906,0.9999999999999999,0.5265254660521715,0.45905704821752125,0.7058650842413257,0.5237418787490222,0.11150824540428049,0.8006425911544802,0.7576255902554899,0.10313305758488552,0.20459515476865345,0.05966679631317975,0.08770194698478843,0.5800803154565092,0.663969229055937,0.41829861093103865,0.3624236593993881,0.4107202782416981,0.7944759999582509,0.41829861093103865,0.4032098804512788,0.6592847575594106,0.009375732507716865,0.7078756056520341,0.511224789716154,0.7604240824478775,0.6545653532734536,0.6042352433314963,0.41385890212923215,0.26744629089024163,0.2220023525510689,0.2040839274692311,0.2220023525510689,0.5434979707444502,0.15991303096030557,0.10313305758488552,0.6567103571018312,0.619088847541892,0.8179834874539348,0.12095792986574797,0.11793586033322535,0.20509414860630643,0.3655803942278582,0
23,_BZ2_hbMakeCodeLengths,0.7849172335764067,0.7261583141625575,0.8905323382111725,0.6439730529050787,0.5260674093466123,0.5736452470067056,0.6559485111521764,0.692914741310148,0.7614376941376816,0.821024091114096,0.7676780610196756,0.5254729581127308,0.5510834620650419,0.5510834620650419,0.7786707897322391,0.6902763862949043,0.5292252468948714,0.6900903220041636,0.5699203474308756,0.024584796300287384,0.7666603459412135,0.9009956878369689,0.3159393161820152,0.901433947060421,0.7626233677460307,0.5415171653950352,0.1883274919285842,0.682743330819185,0.39512230624012695,0.2724145108696486,0.2540428951029696,0.6689395857656933,0.10430445706813893,0.09417807240976256,0.5017773573575884,0.6390266076267417,0.48950852003406004,0.5231689442624141,0.6731923549836626,0.6735019795986358,0.48950852003406004,0.4693166245624378,0.3486071984857843,0.024584796300287384,0.4135920456045502,0.4754401330560703,0.3168425145638215,0.3615109575405545,0.288316412351968,0.8811543214960608,0.818707846024388,0.12044041273193555,0.7566731544802469,0.12044041273193555,0.6141350445587224,0.6831416691423702,0.2540428951029696,0.6400199303641452,0.3582754244523871,0.31334260765325683,0.5292252468948714,0.08036960813439649,0.5736452470067056,0.6373680264781925,0
24,_BZ2_hbAssignCodes,0.44725020378725544,0.5090767837187208,0.8672935628280602,0.5180090089306685,0.4394802124588286,0.3474396144861517,0.2399046557429856,0.2915087679872111,0.397299414311892,0.8281976394854439,0.4132661367885556,0.5886137659055672,0.26032561064731463,0.26032561064731463,0.7549321391488105,0.548219132908616,0.20490870562216618,0.43546695624271664,0.47477169593953905,0.05345224838248487,0.41960368378611573,0.8175033891206932,0.45905704821752125,0.7458092683899066,1,0.5819199723610622,0.2645751311064591,0.27118686265404773,0.44065614646860185,0.30804222622382726,0.42761798705987897,0.31594134369476623,0.03779644730092272,0.2571428571428571,0.6518082206082318,0.506536146694404,0.40943405619481393,0.4510671108178233,0.8681752259748694,0.7067357073959517,0.40943405619481393,0.6882181689531581,0.5411424014630699,0.05345224838248487,0.5558181285696181,0.6288752260430139,0.41091015686664545,0.5599771356158809,0.45133729863911887,0.7452359317987919,0.5239675118194451,0.1745743121887939,0.4227508702965788,0.1745743121887939,0.7155417527999328,0.6837634587578277,0.42761798705987897,0.5273679101662574,0.3062127263296445,0.3406346485144887,0.20490870562216618,0.04558423058385518,0.3474396144861517,0.56842377682686,0
25,_BZ2_hbCreateDecodeTables,0.18320554947043627,0.2101640047678056,0.7537851151763426,0.3727772808051949,0.22933633752491678,0.18130629420496988,0.09403658104670294,0.12062037266628213,0.18078983074641736,0.38341289055807454,0.1738203989658662,0.26489139480982127,0.13584712216226488,0.13584712216226488,0.6909462308473174,0.25196197462935127,0.10692861872310422,0.2215973537929847,0.20738536482579728,0.009542436537103677,0.1730301831185739,0.6701158660861062,0.5025380063365332,0.6724319617932821,0.6059568492909733,0.8559334204881953,0.6207719857674024,0.15902170258257517,0.6780727831412926,0.6836690410682229,0.1335941115194515,0.7029289598926997,0.04723265109099801,0.10201293759107294,0.6184668194605423,0.8197613363650627,0.36867208894649595,0.7552409603056384,0.42472929030108786,0.7771820074897573,0.36867208894649595,0.7650361684144567,0.6738869457849247,0.009542436537103677,0.6756233171096813,0.8579782774513796,0.597333668678645,0.6676163697242289,0.6824680435863668,0.44988520125512016,0.34017403236564203,0.218158270575419,0.3632022709663385,0.218158270575419,0.4653400405976888,0.2522723338805684,0.1335941115194515,0.5404101810432285,0.6243421729744736,0.6370993219470067,0.10692861872310422,0.0406890861097691,0.18130629420496988,0.30840901229770423,0
26,_BZ2_bsInitWrite,0.014008343747561752,0.0765278731793381,0.23629047744132703,0.23409554595865587,0.22360679774997896,0.17677669529663687,0.004834181701923103,0.010788091583162835,0.033251461947419375,0.18569533817705186,0.03027609162416312,0.24333213169614382,0.13245323570650439,0.13245323570650439,0.3594627701808178,0.1543033499620919,0.10425720702853739,0.1076763804116331,0.1336306209562122,0.35355339059327373,0.012010446464801264,0.4082632914514726,0.5237418787490222,0.34424390866123883,0.2645751311064591,0.6852888114876634,1,0.07586560470717088,0.7606002072683493,0.8258830199663593,0.35355339059327373,0.3742845780447475,0.25,0.3779644730092272,0.4526871442371882,0.6310999359993306,0.16629001835095297,0.5744682204123535,0.22086305214969307,0.6406180289960103,0.16629001835095297,0.592285262994611,0.6693038418150781,0.35355339059327373,0.5845308432040617,0.6360273141434805,0.6737688979970728,0.7005203312109035,0.7909810627737347,0.3116618424672807,0.21660745802367945,0.5773502691896258,0.19348941824535143,0.5773502691896258,0.50709255283711,0.15075567228888181,0.35355339059327373,0.49069632743001035,0.6396021490668313,0.7592592592592593,0.10425720702853739,0.15075567228888181,0.17677669529663687,0.2211629342323457,0
27,_BZ2_compressBlock,0.5223170082995607,0.4744722626333011,0.5892203020718888,0.49338274164427887,0.3913052370228432,0.4555420741101834,0.4920409063908815,0.5061549774187893,0.53605755945681,0.5134710965047519,0.5393131444117603,0.3112565349550342,0.4519671792483943,0.4519671792483943,0.663357003560949,0.4688642110258387,0.44284495906526594,0.5383750414278377,0.35967021128326343,0.006346807023478696,0.5112224981873078,0.8379607503272611,0.7689360788284957,0.7696362856229446,0.4937234421383817,0.8032557714063526,0.6079568279662854,0.5774236325265116,0.871990880630238,0.8132126924914334,0.029406872542117955,0.5793745404194882,0.09215093652244877,0.0393531282327432,0.5114991321582457,0.8887468137009372,0.3804363162391695,0.4704410364432905,0.41472005854569133,0.8823675504127113,0.3804363162391695,0.4269869666868618,0.659594219899993,0.006346807023478696,0.7012092504044547,0.5804800396581632,0.7492091040608783,0.6470393092599745,0.6237301647227639,0.730463290933318,0.697733743180952,0.2639439815427682,0.6272887440610344,0.2639439815427682,0.5599900552367496,0.26611828144870725,0.029406872542117955,0.8731170781244846,0.643746585054454,0.8460134139826114,0.44284495906526594,0.10861234266584527,0.4555420741101834,0.49543712655591027,0
28,_bsPutUInt32,0.04896652449783364,0.0895886730504931,0.36042807243872915,0.22468243768415633,0.20359822759511711,0.160958531693479,0.02334689461207953,0.03390641301116445,0.06773858440821394,0.21738744653152453,0.07369941104643588,0.16353128711525924,0.12060118162970788,0.12060118162970788,0.48738891494097974,0.16892986435071644,0.09492816309082623,0.16690378681703782,0.12167321321572959,0.007664691985403762,0.04331565171920505,0.58897214437882,0.8157785797378906,0.5160807751594483,0.36053161740555795,0.8476066683683099,0.7641855506805109,0.12001014042973687,0.9831764831000831,0.970908225156339,0.007664691985403762,0.33190630492962503,0.027098778392925918,0.04096950197790431,0.5343855865730285,0.7967904126911519,0.36050050849984466,0.529090288447257,0.30045296905056657,0.8292837092657074,0.36050050849984466,0.48132278168046394,0.7906818549643082,0.007664691985403762,0.7937821235665766,0.6516421748955762,0.876646644993758,0.7773093420081796,0.7694337332013184,0.41276926346264786,0.29965707573867073,0.34420071399704744,0.22238471496618833,0.34420071399704744,0.5166837356477505,0.042487063370262895,0.007664691985403762,0.738171985121967,0.7348953244413321,0.9787677292141242,0.09492816309082623,0.09804706931599129,0.160958531693479,0.2860775777293317,0
29,_BZ2_decompress,0.6525682532970086,0.5662850057637402,0.7576478692650607,0.5472082488482792,0.43227096207678806,0.49399249484830926,0.5771652670857834,0.6035223990732537,0.6490027563300399,0.6613856726499324,0.6545835976307728,0.3650295069722791,0.484661860122688,0.484661860122688,0.7355720827498632,0.5447845324508044,0.47163771666529297,0.6086182128591109,0.4106688804579997,0.002708044741059713,0.6522883057820602,0.9270111996944147,0.5934212788137889,0.8463608809665802,0.652377034692588,0.8076325026590977,0.5387186731116493,0.6490602397709367,0.7545947584149396,0.6946826288071757,0.06679843694613959,0.6651323623567368,0.023404049779732,0.05146705071289092,0.5863875226094203,0.9146826847490178,0.37727790641440173,0.5590863298903217,0.47254879729729504,0.8949638130105385,0.37727790641440173,0.5493478581022463,0.6775284920488877,0.002708044741059713,0.7062309882021641,0.6793469873112128,0.7059811457633464,0.6675596896601523,0.6274807979049881,0.8708345339478406,0.8189791541987755,0.3260157782269942,0.7403235868880014,0.3260157782269942,0.6350469262849097,0.37143305397458687,0.06679843694613959,0.8901180443181264,0.6343346030763513,0.6897023747209643,0.47163771666529297,0.07005265888432623,0.49399249484830926,0.5736382835142315,0
30,_BZ2_bzlibVersion,0.1263928383765078,0.4329070245991526,0.34344756446428126,0.4213504858001922,0.6324555320336759,0.4999999999999999,0.03879750822411648,0.05312909372933467,0.1251579637334737,0.5252257314388902,0.12233388397297698,0.8029550685469661,0.37463432463267754,0.37463432463267754,0.32048601343433797,0.5455447255899809,0.29488391230979427,0.3045547950507524,0.6614378277661476,0.4999999999999999,0.02686878979591563,0.20377817074932433,0.10313305758488552,0.28883955093176106,0.42761798705987897,0.15183267457791488,0.35355339059327373,0.011042866602360922,0.008211077318035775,0.020981586247366613,0.9999999999999998,0.06931549513140123,0.35355339059327373,0.5345224838248487,0.3963119945523,0.040671345814315994,0.20157394220501876,0.13103560459023977,0.6246950475544242,0.25084672743389375,0.20157394220501876,0.4307748951706428,0.08230770177767827,0.4999999999999999,0.0725132847442601,0.16190612166625976,0.06460021108153456,0.18219500746971076,0.14433756729740646,0.23810978173674163,0.06943461976560295,0.40824829046386296,0.1412311532687774,0.40824829046386296,0.5976143046671968,0.6396021490668313,0.9999999999999998,0.04525756964727323,0.1507556722888818,0.017459426695964137,0.29488391230979427,0.21320071635561041,0.4999999999999999,0.5212860351426869,0
31,_BZ2_bzCompressInit,0.05707272004264544,0.10382933877823629,0.5977981268639599,0.2794219189121062,0.15413608040356438,0.12185527092152719,0.022022179513154504,0.034628306072078334,0.07568626581505648,0.18082970216350636,0.06644275593165505,0.17572038882802352,0.09130233424923659,0.09130233424923659,0.47641557632041015,0.1418186673846983,0.0718663180498197,0.13961033132606715,0.12281856868600437,0.015473685196384406,0.03306842407091134,0.3957541672834665,0.26375022835743184,0.49087843457576286,0.33166840906831696,0.6243434787597281,0.48142810022160953,0.057423683297408275,0.4271610130737437,0.5090707380836618,0.06963158338372982,0.805107155267138,0.021883095464618616,0.09925239174114223,0.5514449102741035,0.6712563453312995,0.5583174188599613,0.8718695888273277,0.1788271884275546,0.5319571145819966,0.5583174188599613,0.6643456201314768,0.5083800503961515,0.015473685196384406,0.5358900009528107,0.7357185064751671,0.44282427514377265,0.504994249522861,0.5712007655436431,0.24309437086392788,0.18511442783199628,0.12634211057199837,0.2709854342948188,0.12634211057199837,0.31625751017925163,0.21443504995447338,0.06963158338372982,0.3660241908084486,0.57618821619816,0.43036754413749945,0.0718663180498197,0.07917601844472863,0.12185527092152719,0.20326864332774675,0
32,_default_bzalloc,0.019331514371635217,0.13392377806384168,0.05907261936033176,0.34050261230349943,0.33541019662496846,0.2651650429449553,0.01244801788245199,0.014849490767412373,0.02711273051097272,0.18569533817705186,0.04757671540939919,0.24333213169614382,0.26490647141300877,0.26490647141300877,0.13284493680595438,0.23145502494313785,0.26064301757134345,0.16151457061744964,0.1336306209562122,0.7071067811865475,0.003787266219736984,0.14156498031753847,0.05966679631317975,0.12682670319098274,0.03779644730092272,0.08223465737851961,0.25,0.008646870655681881,0.029030542262150738,0.029672443831126678,0.35355339059327373,0.017823075144987977,1,0.5669467095138409,0.16167398008471007,0.027161263068325617,0.04751143381455799,0.01853123291652753,0.1656472891122698,0.08954875674137779,0.04751143381455799,0.16922436085560316,0.05820033407087635,0.7071067811865475,0.05127463536877734,0.08904382398008727,0.05709905915229431,0.1127274096201454,0.10206207261596577,0.05731712045375277,0.008664298320947178,0.5773502691896258,0.049932753095574565,0.5773502691896258,0.253546276418555,0.30151134457776363,0.35355339059327373,0.05333655732934895,0.10660035817780521,0.08024691358024691,0.26064301757134345,0.6030226891555273,0.2651650429449553,0.29488391230979427,0
33,_default_bzfree,0.039604028841849014,0.20247372079721848,0.17365717791179694,0.4504426164614508,0.33806170189140655,0.26726124191242434,0.01863691918186179,0.025808273627093134,0.051818300095185434,0.3509312031717982,0.08173776439647064,0.4291975376394761,0.2503130871608794,0.2503130871608794,0.14767843097590191,0.29160592175990213,0.23643312187173018,0.2645360014558559,0.15152288168283162,0.8017837257372731,0.0026414640608661407,0.11943422585330371,0.08770194698478843,0.07595052649713573,0.2571428571428571,0.060436792381712685,0.3779644730092272,0.008487404444517921,0.04389005442914361,0.02990701225474051,0.5345224838248487,0.08083787045495083,0.5669467095138409,0.9999999999999999,0.4644133571833652,0.08695899514067021,0.2693645106544828,0.1260746583031183,0.20869596778242053,0.1568643447065982,0.2693645106544828,0.47330989314622396,0.32263232607554304,0.8017837257372731,0.3062038504672233,0.3269381909092121,0.2158141580181961,0.3712891877453123,0.4050462936504913,0.21934633167042927,0.09606071050023161,0.6546536707079772,0.1132368402580122,0.6546536707079772,0.5111012519999519,0.5698028822981898,0.5345224838248487,0.2015932378311381,0.16116459280507606,0.0419960525565808,0.23643312187173018,0.5698028822981898,0.26726124191242434,0.3343669275452117,0
34,_BZ2_bzCompress,0.15605487633053328,0.3712687793221516,0.7121610332038454,0.5282516121165921,0.5006816635748798,0.3958236098946956,0.06159539790535186,0.08500132794696517,0.17007124395659917,0.5583512580744574,0.18870994391106638,0.6053877596485772,0.3050518850055108,0.3050518850055108,0.5689144796176964,0.4968664667268214,0.24678368816013402,0.4098699265182752,0.4274493203384531,0.211105925277171,0.06788566186327159,0.6087318993890715,0.5802096502953809,0.6155177875906429,0.6818812181841767,0.6703804263991274,0.4371608345570055,0.08964974846701743,0.5088787912291025,0.5142249543458899,0.4071328558916869,0.4443084108857946,0.14927443131214824,0.4433033924365215,0.9984494285156841,0.7035718935188049,0.7142901136803577,0.6212183012943716,0.5604765106276831,0.778867880461406,0.7142901136803577,0.8206174129289355,0.7814902535560397,0.211105925277171,0.853966825665253,0.812708789688035,0.76710866250757,0.8121757492992091,0.7399982383453911,0.563930790136403,0.3308533464282876,0.44323011309187066,0.3653635842752946,0.44323011309187066,0.8434691844137192,0.5336655090240809,0.4071328558916869,0.6901729558690745,0.6274153378752912,0.5270677451268444,0.24678368816013402,0.24432878726403706,0.3958236098946956,0.6382701105406159,0
35,_handle_compress,0.08888894369344401,0.14851274788461996,0.6307583467204484,0.33573166841994284,0.256775515301789,0.20299886892926783,0.04003573642495231,0.056554235083275506,0.10678642774951634,0.3044962010357028,0.11161040335599644,0.23916006183665983,0.15475746890712394,0.15475746890712394,0.5961734373404987,0.23212917850500034,0.12390463630956486,0.23298843978137249,0.16685470540230266,0.01772915885845134,0.06554203319836546,0.6347907089039059,0.6813183206577481,0.6249623852112854,0.47875955115239177,0.9175252560016232,0.6418641128214779,0.1181821552694261,0.8075363812625025,0.8367698278171559,0.031912485945212406,0.5950583502957212,0.02507281690708898,0.10992895473807886,0.76986390947971,0.9297460474478761,0.5477346721756118,0.7144154108632726,0.3040174718581465,0.8622410837958937,0.5477346721756118,0.6893914964638312,0.8260307002592265,0.01772915885845134,0.8873722296502802,0.8490180880925363,0.8697464430183189,0.809075385671365,0.7984029018757365,0.4566031270772015,0.3217734668741859,0.3503143016937306,0.3248822643803615,0.3503143016937306,0.5568836564718144,0.13456334953655102,0.031912485945212406,0.7531660851253981,0.7932785108056336,0.8272172333642542,0.12390463630956486,0.1406111405269578,0.20299886892926783,0.3778114444858862,0
36,_BZ2_bzCompressEnd,0.1061961946316191,0.23815465829015015,0.5363771925982761,0.3296220093108895,0.33996414629706817,0.26876525627335834,0.04528119591935473,0.06108481756811012,0.12162219178915007,0.40584198139566435,0.14302407489456914,0.40849073260796154,0.2013773805373962,0.2013773805373962,0.40097562920398,0.31524045616080587,0.15850910052566478,0.3069515532791085,0.2793552257390119,0.06719131406833959,0.047702577375743446,0.4012752910571078,0.41829861093103865,0.485344236719563,0.40943405619481393,0.4095928994565336,0.16629001835095297,0.06524310678027904,0.33102784494933685,0.33599765036903895,0.20157394220501876,0.45176772270811505,0.04751143381455799,0.2693645106544828,0.7138546313624821,0.4843060073839832,1.0000000000000002,0.6268771577056185,0.3620264498080537,0.5095689510691723,1.0000000000000002,0.43416496911250085,0.48114154971368756,0.06719131406833959,0.6217007446846989,0.4508610590314715,0.5490824935650432,0.4797303171437606,0.4436940598384113,0.4040575560477492,0.2472663772259775,0.16458443461452088,0.21855520292360808,0.16458443461452088,0.5782246622874144,0.47273279764407855,0.20157394220501876,0.5605421045350826,0.5773798882877184,0.372466178669683,0.15850910052566478,0.22920378067591687,0.26876525627335834,0.4343210819632261,0
37,_BZ2_bzDecompressInit,0.10353194615907334,0.17395592240087307,0.559432227630785,0.32407247130656924,0.23141286171755018,0.18294793072126084,0.04827838951264985,0.06517746317656693,0.11995131725392055,0.2814033849900379,0.12053622229416444,0.26381855522954645,0.13707714893741088,0.13707714893741088,0.500251537765589,0.22812863694305163,0.10789680312013321,0.20098159371868063,0.19756519492339988,0.026135418674465834,0.06767365372810961,0.48651904215380204,0.3736840090651941,0.5462025237701837,0.4302750422948767,0.6423435239401535,0.572896484989794,0.08481608216065953,0.5386458581229404,0.6127037458434503,0.13067709337232916,0.7078374191220569,0.01848053177386432,0.12572972015110034,0.6294343172027861,0.6788788130485763,0.6479909829270615,0.9986338849155898,0.28979833235767893,0.6328116054355071,0.6479909829270615,0.7255466332272946,0.6647041900426435,0.026135418674465834,0.6417028880469251,0.7776527768909873,0.5639100900669742,0.6708105170371059,0.7016520318295187,0.38185993709638116,0.27861026232819625,0.23473427987697595,0.30982467096926586,0.23473427987697595,0.5247950419597862,0.35661375895359454,0.13067709337232916,0.4731302123681132,0.6382901432769198,0.5375325044348684,0.10789680312013321,0.06686507980379898,0.18294793072126084,0.31607746764046923,0
38,_BZ2_indexIntoF,0.3859981523227141,0.5746741079270504,0.7451263257050622,0.5452322350826353,0.5926377579897537,0.46852128566581813,0.19402635147612748,0.23776451356912057,0.3481065183345403,0.7997581636151854,0.3582251787469513,0.7524030820950195,0.3510483108628952,0.3510483108628952,0.7093506589705901,0.6304783133466721,0.2763187794351024,0.4577983799262857,0.6640665031135747,0.07808688094430302,0.32044549185119026,0.7104747802631863,0.4107202782416981,0.7042849379869264,0.8681752259748694,0.4919036801549032,0.22086305214969307,0.20782410220241887,0.35392993416077556,0.25231154060739436,0.6246950475544242,0.18599767712892662,0.1656472891122698,0.20869596778242053,0.5260950481018803,0.33876251076768754,0.3620264498080537,0.3028719849910435,0.9999999999999998,0.6098854194083299,0.3620264498080537,0.5681062143170733,0.36206287963588557,0.07808688094430302,0.3929661345497536,0.4298532975880403,0.29005466702278654,0.42325443574377775,0.2930426312669155,0.6242584847047268,0.40632602930006917,0.12751534261266764,0.33843096395028033,0.12751534261266764,0.7093207232992295,0.7325198740332295,0.6246950475544242,0.39816652969059774,0.211896724206605,0.3053908869230324,0.2763187794351024,0.06659271582120269,0.46852128566581813,0.6350073688001903,0
39,_BZ2_bzDecompress,0.3821760717716377,0.44927365681541553,0.7272057680569392,0.5354557131216497,0.4645054267714351,0.44705504081495734,0.3114512838650704,0.3333582949773517,0.3952251634167406,0.5857218906905902,0.400994742493894,0.4547642771272615,0.3956996165627397,0.3956996165627397,0.7582330743635438,0.49018912338946147,0.35927116686182076,0.49710717902463997,0.42822988017141145,0.014738078268624966,0.34078328314567125,0.8532836831133604,0.7852094383975313,0.8195238710537381,0.6572739669994988,0.9234649540620092,0.6409157977522726,0.38727700748821575,0.861085791551727,0.8368575691475624,0.1707160732782392,0.5883510706540974,0.058186122560165664,0.11291562357562304,0.7431767399600185,0.9441546797990016,0.5028925444802111,0.639553370650256,0.5395571056713757,0.9936371965396329,0.5028925444802111,0.682965649073256,0.8309442853733943,0.014738078268624966,0.8615020940782935,0.7935832979692332,0.8593738881690249,0.8284134913323626,0.7703334350389116,0.7169510042342132,0.5933725363797772,0.36903010915051015,0.5569899124060037,0.36903010915051015,0.7424879632363334,0.3665863652005214,0.1707160732782392,0.8821202009054945,0.7654269452344707,0.844947843508667,0.35927116686182076,0.1000257082189994,0.44705504081495734,0.5838893333568319,0
40,_BZ2_bzDecompressEnd,0.1061961946316191,0.23815465829015015,0.5363771925982761,0.3296220093108895,0.33996414629706817,0.26876525627335834,0.04528119591935473,0.06108481756811012,0.12162219178915007,0.40584198139566435,0.14302407489456914,0.40849073260796154,0.2013773805373962,0.2013773805373962,0.40097562920398,0.31524045616080587,0.15850910052566478,0.3069515532791085,0.2793552257390119,0.06719131406833959,0.047702577375743446,0.4012752910571078,0.41829861093103865,0.485344236719563,0.40943405619481393,0.4095928994565336,0.16629001835095297,0.06524310678027904,0.33102784494933685,0.33599765036903895,0.20157394220501876,0.45176772270811505,0.04751143381455799,0.2693645106544828,0.7138546313624821,0.4843060073839832,1.0000000000000002,0.6268771577056185,0.3620264498080537,0.5095689510691723,1.0000000000000002,0.43416496911250085,0.48114154971368756,0.06719131406833959,0.6217007446846989,0.4508610590314715,0.5490824935650432,0.4797303171437606,0.4436940598384113,0.4040575560477492,0.2472663772259775,0.16458443461452088,0.21855520292360808,0.16458443461452088,0.5782246622874144,0.47273279764407855,0.20157394220501876,0.5605421045350826,0.5773798882877184,0.372466178669683,0.15850910052566478,0.22920378067591687,0.26876525627335834,0.4343210819632261,0
41,_BZ2_bzWriteOpen,0.15196843873949287,0.3715185138874692,0.6869004553362161,0.5921515695646575,0.4589866989455328,0.36286084609747193,0.06063199283437445,0.08438361562183416,0.1650754797315343,0.5203241709199625,0.17389675549115335,0.5814005462246283,0.2891424945046248,0.2891424945046248,0.6024005699164767,0.4575002078667942,0.241178718743168,0.38240317958896014,0.4136224858646592,0.2303878387920457,0.07054694766495288,0.5702948026750634,0.400474150565683,0.5615549472584397,0.6773111390878972,0.6765358552001236,0.602762571517244,0.08223952956643761,0.4922287594102202,0.5430083594854732,0.4146981098256822,0.5577692347984798,0.16290880311276865,0.4556456753864035,0.8105115796519915,0.6630966497262675,0.43034571341970485,0.7426496397603184,0.5505021928063545,0.7221198986582291,0.43034571341970485,0.9990693241826268,0.8103391034512125,0.2303878387920457,0.759797018916256,0.9491083482063526,0.6116955339816316,0.8463313012195134,0.8180390565793128,0.49045026986431567,0.31523287147196954,0.4326550301203769,0.38618467741288554,0.4326550301203769,0.7434885676508277,0.5599549158789694,0.4146981098256822,0.5241201613101258,0.49319828404473864,0.4802792862139401,0.241178718743168,0.17682786817230614,0.36286084609747193,0.5380388743699112,0
42,_BZ2_bzWrite,0.1375503842861948,0.3143329321435252,0.5896230093360765,0.5141878188861118,0.40519827150349746,0.32033736047858796,0.058522834840777055,0.08019585556964319,0.15304160300570557,0.4980182964151266,0.17535374515876653,0.4820972250007219,0.25281974093608856,0.25281974093608856,0.5898321336086476,0.40637143378384205,0.20907663284544717,0.3850379017816798,0.32609840814624247,0.10250795535314815,0.06999917236153026,0.6572058124248801,0.6878180508319677,0.5851629095925652,0.6556872559891517,0.7782028513390985,0.5919532412388611,0.11108434082838024,0.7294739808359977,0.7379563461558647,0.2050159107062963,0.37357124530806507,0.0724840703557789,0.34702111041208583,0.8666694878609977,0.7679703847095658,0.5406800714769816,0.6366858962974302,0.5202942228578387,0.8627848682618735,0.5406800714769816,0.844723386929923,0.9688711361538369,0.10250795535314815,0.9618545990266705,0.895605245208494,0.881282564891648,0.9777893316284488,0.9050066413132954,0.5833720210649493,0.385048252766431,0.4463861070065998,0.35982164348381457,0.4463861070065998,0.8086349100882054,0.42981046709765564,0.2050159107062963,0.780942256347104,0.623297447543642,0.7379653911942264,0.20907663284544717,0.16755323293637422,0.32033736047858796,0.552171644705137,0
43,_BZ2_bzWriteClose,0.027338889805576926,0.18939682326212925,0.04641183303571368,0.4213504858001922,0.4743416490252569,0.37499999999999994,0.01623684264885932,0.01956442978546446,0.038343191201584435,0.2626128657194451,0.06728363618513734,0.3441236008058426,0.37463432463267754,0.37463432463267754,0.03315372552769014,0.32732683535398854,0.3686048903872428,0.22841609628806428,0.1889822365046136,0.9999999999999998,0.0005918235637866879,0.023237861576677336,0.009375732507716865,0.013976107303149729,0.05345224838248487,0.012921929751311905,0.35355339059327373,0.0010926625901283439,0.008211077318035775,0.027975448329822152,0.4999999999999999,0.012602817296618406,0.7071067811865475,0.8017837257372731,0.22864153531863463,0.01581663448334511,0.06719131406833959,0.026207120918047954,0.07808688094430302,0.04261958961255476,0.06719131406833959,0.23931938620591267,0.08230770177767827,0.9999999999999998,0.0725132847442601,0.10793741444417317,0.0807502638519182,0.15942063153599692,0.14433756729740646,0.0810586491018695,0.012253168193929933,0.8164965809277259,0.0662021030947394,0.8164965809277259,0.35856858280031806,0.42640143271122083,0.4999999999999999,0.07542928274545538,0.1507556722888818,0.008729713347982069,0.3686048903872428,0.8528028654224417,0.37499999999999994,0.4170288281141495,0
44,_BZ2_bzWriteClose64,0.1006628785553962,0.24551523934909206,0.577213670141843,0.45046289130801703,0.3570015276495349,0.28223448888302705,0.04106346688243734,0.05906696348897634,0.12154491264458936,0.42699661424074276,0.14331896353889648,0.3974531799579005,0.22210942680294188,0.22210942680294188,0.5535023747605019,0.339318405604514,0.1832027899037972,0.34922949703801015,0.2549456084601681,0.07100238714038416,0.046369207056828524,0.6362436528677903,0.7172245219645877,0.5730084509907988,0.5700446324232101,0.8181697980880175,0.5924339792432983,0.10499537665746068,0.7736490821927643,0.7953239745410344,0.10650358071057625,0.4245074054905118,0.05020626942739816,0.29223326695464164,0.8677664810870088,0.8341462819868678,0.6182883827360999,0.6415928564849933,0.42247984729610777,0.8715838370441438,0.6182883827360999,0.7738269606947891,0.9625139325400335,0.07100238714038416,0.9980077867385793,0.8772512525259617,0.9441864391122161,0.9567996431832317,0.900826610046135,0.549348881450785,0.3675477708964725,0.4347990475337281,0.3364936530749471,0.4347990475337281,0.7417120980162942,0.317892955827054,0.10650358071057625,0.8380535414783373,0.7150280421785999,0.7989614974310646,0.1832027899037972,0.19073577349623239,0.28223448888302705,0.5048512212569697,0
45,_BZ2_bzReadOpen,0.11557911543963191,0.2350645779289279,0.654954567096755,0.471678036636958,0.2962818535419394,0.23423137164223864,0.05010732408458559,0.07062483354065166,0.1326071741568111,0.38473067420795354,0.1421259898689119,0.35563701410137716,0.18826602151474806,0.18826602151474806,0.57606948781885,0.31225687001713204,0.15823552673090266,0.30090943042382545,0.22213267088014968,0.1022100530802496,0.06902751806399365,0.6138222295997309,0.5225897252900062,0.5705264963150564,0.5936848096949946,0.8009254951922682,0.6504607947463331,0.10150782427513108,0.6708442157189612,0.7165109817179877,0.13628007077366613,0.6049938954703034,0.08431899191156171,0.3095902381845063,0.8101413999906036,0.8193179309593472,0.454408037941719,0.7812674391999754,0.38842152664783275,0.801780617933273,0.454408037941719,0.9213585766326724,0.9048298868273705,0.1022100530802496,0.8785200747934128,0.9965834269914402,0.7730767800093968,0.907442405795727,0.8962295877077272,0.4895059382138853,0.3414869075630981,0.4033617679029151,0.37757184230063084,0.4033617679029151,0.6515433578832068,0.34139635238878213,0.13628007077366613,0.6604583884190216,0.6266223075163432,0.6638447617164223,0.15823552673090266,0.13074753921272508,0.23423137164223864,0.4191412967991581,0
46,_BZ2_bzReadClose,0.04388388629809226,0.14410014390220885,0.4348530367193428,0.3164953028032476,0.27890959801791193,0.22049739775464644,0.015973117692758318,0.027472608642756274,0.07065520523949528,0.3117985958124587,0.08963768405883416,0.284057444579807,0.16838893713949873,0.16838893713949873,0.44349215242013307,0.2331798497887969,0.13504389640065484,0.26603133067639345,0.16347497384054946,0.06784535315527583,0.014786150277858285,0.5738148190605903,0.7424875885198198,0.4905426760782274,0.41704596687211887,0.8149956254728576,0.6716347300332833,0.09486855689504374,0.8367393275219734,0.8764034262427439,0.05088401486645687,0.3599729304912482,0.04797390928809167,0.2357216334494585,0.7673400771043781,0.823899450110016,0.5629893763437936,0.5618579141422817,0.2966785928097722,0.8447017732813427,0.5629893763437936,0.6243014331369916,0.9148772963165182,0.06784535315527583,0.9561416372073132,0.7713614775052688,0.9938053725504983,0.9069945843528185,0.8801129112645757,0.49391959333804397,0.3375161324955969,0.48471061522727227,0.2715863395416472,0.48471061522727227,0.6689983335880445,0.1663437957821981,0.05088401486645687,0.8617914333176945,0.7824474947349165,0.8709337482486272,0.13504389640065484,0.159111456835146,0.22049739775464644,0.403181920700528,0
47,_BZ2_bzRead,0.08813441065597187,0.2352338445941042,0.4891931266685355,0.45742390178768316,0.342816337817576,0.2710201116553142,0.03623140820242481,0.052872305082981234,0.11018815683315585,0.39744336295866356,0.13130670452904744,0.38413858765217185,0.21915137777451296,0.21915137777451296,0.5088719502516846,0.3232284476363768,0.18515996214313055,0.32771020097511205,0.23732690931038067,0.13953510699085483,0.03844868926264088,0.6013010159290323,0.6533168461595192,0.5103912540403541,0.5415993189171135,0.784262991343095,0.7134326703447266,0.0973049762423025,0.7801564156178885,0.8233502904688715,0.13953510699085483,0.399458093307358,0.09866622036682389,0.34423685524392805,0.7869535202998954,0.7832581312980538,0.46156540048649325,0.6694781494237368,0.39560357904097393,0.8396540936105,0.46156540048649325,0.826102730831357,0.9894608961973904,0.13953510699085483,0.9504833455148783,0.9059806063166959,0.9041732741401098,0.9978370445240634,0.9613052287882062,0.5244169473064817,0.36009905041558593,0.5170666406821253,0.3331190939981306,0.5170666406821253,0.7466448984255928,0.3341039827701709,0.13953510699085483,0.7739947372656012,0.6699064206919425,0.7895171631632081,0.18515996214313055,0.178493908603242,0.2710201116553142,0.4699974635125969,0
48,_BZ2_bzReadGetUnused,0.04557949262576268,0.1464486253045317,0.40930713263290613,0.36707224974630875,0.21680684567912825,0.17140086116567016,0.01675047520242023,0.028692197590645015,0.07011933423615502,0.3032392174315614,0.08475540101137287,0.2980197803396349,0.12842529172852035,0.12842529172852035,0.4426428482799264,0.21260501606769033,0.10108671302760142,0.2417728402451219,0.12956687232762049,0.14433756729740646,0.01424204521616086,0.5231100361227059,0.6042352433314963,0.43119302895066164,0.45133729863911887,0.728329322938559,0.7909810627737347,0.0803644632793049,0.753173580822373,0.8070768926766668,0.14433756729740646,0.4461244624708784,0.10206207261596577,0.4050462936504913,0.7524356361956154,0.7558144008695529,0.4436940598384113,0.6979029986087129,0.2930426312669155,0.771147988301921,0.4436940598384113,0.8134824221842469,0.9494174677674039,0.14433756729740646,0.9016795947063446,0.891922013766213,0.8636574812470094,0.9573964230305043,1.0000000000000002,0.4647017577293052,0.3192309442280033,0.47140452079103173,0.29271530064342594,0.47140452079103173,0.664188100867016,0.2615694183310821,0.14433756729740646,0.7022295067531388,0.663671063331098,0.7597954294744118,0.10108671302760142,0.10770505460691616,0.17140086116567016,0.33858521180372586,0
49,_BZ2_bzBuffToBuffCompress,0.8482184399163298,0.7704018188897702,0.7637419385205644,0.6684435889295719,0.5325208635682589,0.6135227751129259,0.7419311719476119,0.7745371120246876,0.8291471642688657,0.8575034942557921,0.8437521494731787,0.5323832930533361,0.60587202935462,0.60587202935462,0.6900473080472066,0.7069399026914429,0.5919576277877533,0.7759410805888488,0.5520723984988001,0.07187714520151432,0.833609571138893,0.9088661161558114,0.40164492854932304,0.8119736746487597,0.7447981771258526,0.5153797252989039,0.29405786853785665,0.7775555434820197,0.46835696648385194,0.363666703983856,0.22076551740465114,0.5527653742388284,0.050824816784320895,0.21405400816439388,0.5351256261780245,0.6675656222107992,0.3956756609781053,0.39100085437712523,0.61578921105924,0.7200930483931781,0.3956756609781053,0.48803380319876155,0.5027227655516533,0.07187714520151432,0.5374365959667541,0.5057629174009874,0.4780918800674629,0.5159922711733188,0.4531464964894366,0.999100285529951,0.9413668016303466,0.2557095743954866,0.8292789925429596,0.2557095743954866,0.6946406441572408,0.6458080513907042,0.22076551740465114,0.8048814079240215,0.34984436291936144,0.38481646993842966,0.5919576277877533,0.08756719340890905,0.6135227751129259,0.6829981771766721,0
50,_BZ2_bzBuffToBuffDecompress,0.9460756329771737,0.8163971089602692,0.627480965329942,0.6724438244562817,0.4947369238928476,0.6620586519247423,0.9071856247709693,0.9246803738793329,0.9454024745561118,0.7457476217836772,0.9507238986600388,0.4308908034459365,0.7005890598913876,0.7005890598913876,0.5853256221105454,0.6970268622315936,0.7124409486563876,0.8400346694267461,0.5405068428680189,0.012222621266302934,0.9315757621030674,0.8135423853450667,0.2694916580887982,0.7416637597085053,0.5318078424785336,0.3848994226872001,0.2160674595319428,0.9325942549043008,0.36310569367649465,0.2810691805655443,0.07740993468658526,0.6352587441953319,0.008642698381277713,0.10017674346442484,0.3254155154176768,0.621038251879791,0.25185122183437497,0.29832442647048213,0.4161298980390092,0.5917686442804098,0.25185122183437497,0.32449222699201197,0.35601783706876217,0.012222621266302934,0.3739605328106254,0.36221514189539156,0.33373080088797985,0.35834541719133217,0.3222575046424966,0.9390238055003866,0.9999032713564218,0.1596756555825738,0.9323358586518352,0.1596756555825738,0.515204618747327,0.5420212948215737,0.07740993468658526,0.7393987314200373,0.24568393148451775,0.2883744793226325,0.7124409486563876,0.03648220253606746,0.6620586519247423,0.6099631889726044,0
51,_BZ2_bzopen,0.03138035761019568,0.19882524681270178,0.15915943255064458,0.4177522091055419,0.5163977794943222,0.40824829046386296,0.01758340147357626,0.024034711601208222,0.05375367341761529,0.3216337604513385,0.08490241829621314,0.37463432463267765,0.38235955645093633,0.38235955645093633,0.14437281887133477,0.3563483225498992,0.3611575592573077,0.27975144247209416,0.23145502494313788,0.8164965809277259,0.0050496690257978575,0.24373822813435486,0.2220023525510689,0.17877928663397885,0.1745743121887939,0.3613618675370043,0.5773502691896258,0.03492692967794179,0.32180719468365193,0.3940220489685459,0.40824829046386296,0.09261141509471163,0.5773502691896258,0.6546536707079772,0.46048974521947006,0.34499437596861676,0.16458443461452088,0.23537827088100213,0.12751534261266764,0.3837804911682516,0.16458443461452088,0.42988761329106945,0.4592270400842037,0.8164965809277259,0.4322099981783472,0.39658738431530854,0.5010855890151825,0.5206656023139212,0.47140452079103173,0.273009453115974,0.16007471897401843,1.0000000000000002,0.17297213064665456,1.0000000000000002,0.5855400437691199,0.3481553119113957,0.40824829046386296,0.43111426024446536,0.4923659639173309,0.33500571175200505,0.3611575592573077,0.6963106238227914,0.40824829046386296,0.5107539184552492,0
52,_bzopen_or_bzdopen,0.9277970628618734,0.8906720635095654,0.6217045020116397,0.7834618758058407,0.6067316268306733,0.7875697105194762,0.9338933473840583,0.9386011490089867,0.953332231104276,0.689786508101663,0.9499863608745551,0.522821278795213,0.8310070073167893,0.8310070073167893,0.5537911828673665,0.786176322091835,0.8437289275614002,0.9154160082387118,0.6586815008900094,0.06283800881804331,0.8639184054526363,0.7216337055074199,0.1999190348371491,0.7211835789107106,0.44067887060261085,0.3492091168891124,0.19550600146659342,0.9368381270432254,0.25812146585789486,0.22905716738960177,0.1382436193996953,0.7566683970257216,0.04739539429493173,0.11643953898036465,0.3532459537372402,0.6337962527981544,0.2209601455299306,0.32387131475095227,0.34871163365552127,0.5561328547114748,0.2209601455299306,0.3903956620711028,0.3275632990395797,0.06283800881804331,0.3339677009698601,0.39459497825055256,0.2703526189970227,0.3394560745594598,0.29567826164746475,0.8363632263762889,0.9397333502256233,0.17102339784079557,0.9992155138713206,0.17102339784079557,0.5007052392862151,0.5573197133656672,0.1382436193996953,0.6634492354434173,0.2260933788498568,0.21796030092422308,0.8437289275614002,0.08752777549653107,0.7875697105194762,0.6787162645209537,0
53,_BZ2_bzdopen,0.03138035761019568,0.19882524681270178,0.15915943255064458,0.4177522091055419,0.5163977794943222,0.40824829046386296,0.01758340147357626,0.024034711601208222,0.05375367341761529,0.3216337604513385,0.08490241829621314,0.37463432463267765,0.38235955645093633,0.38235955645093633,0.14437281887133477,0.3563483225498992,0.3611575592573077,0.27975144247209416,0.23145502494313788,0.8164965809277259,0.0050496690257978575,0.24373822813435486,0.2220023525510689,0.17877928663397885,0.1745743121887939,0.3613618675370043,0.5773502691896258,0.03492692967794179,0.32180719468365193,0.3940220489685459,0.40824829046386296,0.09261141509471163,0.5773502691896258,0.6546536707079772,0.46048974521947006,0.34499437596861676,0.16458443461452088,0.23537827088100213,0.12751534261266764,0.3837804911682516,0.16458443461452088,0.42988761329106945,0.4592270400842037,0.8164965809277259,0.4322099981783472,0.39658738431530854,0.5010855890151825,0.5206656023139212,0.47140452079103173,0.273009453115974,0.16007471897401843,1.0000000000000002,0.17297213064665456,1.0000000000000002,0.5855400437691199,0.3481553119113957,0.40824829046386296,0.43111426024446536,0.4923659639173309,0.33500571175200505,0.3611575592573077,0.6963106238227914,0.40824829046386296,0.5107539184552492,0
54,_BZ2_bzread,0.36341643067722906,0.6079718616547141,0.6745486479761834,0.6978597864711069,0.7181324987175316,0.6274950199005567,0.2618071212833882,0.2871293611801798,0.37631562609717756,0.7533177846892134,0.3977101258021501,0.7951923208052687,0.537328395407574,0.537328395407574,0.6551545167776924,0.7042147167923565,0.47581247937391297,0.6097211119590087,0.6550432296063071,0.35856858280031806,0.26628734912845126,0.6982096322939416,0.5434979707444502,0.6937995182210496,0.7155417527999328,0.6069751429744862,0.50709255283711,0.28152517144038913,0.5181852468657788,0.4998839902312548,0.5976143046671968,0.36603692132452365,0.253546276418555,0.5111012519999519,0.834411587780649,0.6081845796186213,0.5782246622874144,0.5262348115842175,0.7093207232992295,0.7923376913385751,0.5782246622874144,0.7551492357067657,0.7115901608504678,0.35856858280031806,0.7210940046598155,0.6708514059585479,0.675605178969795,0.7730646331902061,0.664188100867016,0.7108835356325508,0.5077050222528716,0.5855400437691199,0.501135434907271,0.5855400437691199,1,0.7644707871564383,0.5976143046671968,0.7140294748140161,0.5765999761251577,0.50709255283711,0.47581247937391297,0.30578831486257535,0.6274950199005567,0.7975116580467629,0
55,_BZ2_bzwrite,0.5470503288343861,0.7614427240193006,0.6609884081794885,0.8084900286844691,0.7416198487095663,0.6929023281557339,0.4331870177143528,0.460816455622986,0.5441637678050162,0.8398387664337815,0.5659722758379814,0.8314971796756815,0.6389784510646973,0.6389784510646973,0.5748963732986805,0.7909115788387002,0.597259882788835,0.7142443052179218,0.7252406676228422,0.42640143271122083,0.44994792285594243,0.5640312713373679,0.15991303096030557,0.601902649956669,0.6837634587578277,0.22039717437412584,0.15075567228888181,0.4060183044337027,0.0875303783128266,0.029821928121437243,0.6396021490668313,0.3842309436305229,0.30151134457776363,0.5698028822981898,0.5134635453823708,0.2572444151951816,0.47273279764407855,0.3687668789208312,0.7325198740332295,0.4309609965730521,0.47273279764407855,0.5816629361764957,0.29831703666994425,0.42640143271122083,0.30301373135438237,0.3835389013511689,0.14461451843272155,0.3690190080351023,0.2615694183310821,0.650226297332041,0.5329263842606152,0.3481553119113957,0.55140005207808,0.3481553119113957,0.7644707871564383,1,0.6396021490668313,0.38595785077250344,0.12856486930664499,0.04839070962359169,0.597259882788835,0.36363636363636365,0.6929023281557339,0.755742181606458,0
56,_BZ2_bzflush,0.1263928383765078,0.4329070245991526,0.34344756446428126,0.4213504858001922,0.6324555320336759,0.4999999999999999,0.03879750822411648,0.05312909372933467,0.1251579637334737,0.5252257314388902,0.12233388397297698,0.8029550685469661,0.37463432463267754,0.37463432463267754,0.32048601343433797,0.5455447255899809,0.29488391230979427,0.3045547950507524,0.6614378277661476,0.4999999999999999,0.02686878979591563,0.20377817074932433,0.10313305758488552,0.28883955093176106,0.42761798705987897,0.15183267457791488,0.35355339059327373,0.011042866602360922,0.008211077318035775,0.020981586247366613,0.9999999999999998,0.06931549513140123,0.35355339059327373,0.5345224838248487,0.3963119945523,0.040671345814315994,0.20157394220501876,0.13103560459023977,0.6246950475544242,0.25084672743389375,0.20157394220501876,0.4307748951706428,0.08230770177767827,0.4999999999999999,0.0725132847442601,0.16190612166625976,0.06460021108153456,0.18219500746971076,0.14433756729740646,0.23810978173674163,0.06943461976560295,0.40824829046386296,0.1412311532687774,0.40824829046386296,0.5976143046671968,0.6396021490668313,0.9999999999999998,0.04525756964727323,0.1507556722888818,0.017459426695964137,0.29488391230979427,0.21320071635561041,0.4999999999999999,0.5212860351426869,0
57,_BZ2_bzclose,0.6430128772026167,0.6213767088260201,0.6339127420679418,0.6159722350018423,0.5199314567548143,0.5951886822462674,0.6113056408806101,0.62663834619023,0.6611245324642057,0.6528507146369351,0.6779135338884241,0.4375495913304334,0.5937870111664624,0.5937870111664624,0.6015027955674241,0.6027618097623293,0.5837456543886231,0.7180599206517915,0.462349092292659,0.06576670522058205,0.6143968452369817,0.8326526561946275,0.6016890489893422,0.7493012937528674,0.5287128907173317,0.695758068196905,0.46504083237770283,0.6720405395920808,0.6953239597554347,0.6669467355988763,0.05261336417646563,0.5899724191540164,0.046504083237770284,0.16170740008641796,0.6203263920822285,0.8646802782264734,0.49492255072019614,0.44467744699313166,0.4046787301959026,0.8456580194071951,0.49492255072019614,0.47973226459781065,0.7015385842814202,0.06576670522058205,0.7618890212189369,0.6005490147846385,0.7770585219038204,0.6958758676386575,0.6369538787512689,0.8693463478340632,0.8315302699150934,0.39736734564100284,0.7566487599007907,0.39736734564100284,0.6885907291625992,0.4150366564951402,0.05261336417646563,0.9865910570123413,0.6186775208486222,0.6788447903745628,0.5837456543886231,0.17947531091681737,0.5951886822462674,0.6554960269689264,0
58,_BZ2_bzerror,0.029626962105603154,0.09789478429803712,0.4394019973435845,0.21778620259218834,0.28603877677367767,0.2261335084333227,0.011027965719722128,0.019969662282194153,0.056277623409900675,0.2771326538627136,0.06270459153499112,0.24210006235312614,0.1694347484174715,0.1694347484174715,0.44649802148551376,0.19738550848793068,0.1333662673423161,0.18365345150671517,0.1709408646894569,0.1507556722888818,0.014507295451621416,0.49746000112581124,0.619088847541892,0.5436001827367152,0.3062127263296445,0.7295463004948092,0.6396021490668313,0.08199103404504345,0.7006324284138031,0.7485987098967756,0.1507556722888818,0.45028724804570047,0.10660035817780521,0.16116459280507606,0.6388256217929441,0.7446288485195525,0.5773798882877184,0.6242377969755013,0.211896724206605,0.7431138998095475,0.5773798882877184,0.4762395654619008,0.6700510574665206,0.1507556722888818,0.7127526422455424,0.5966465075873496,0.7888467083796337,0.6592063401305781,0.663671063331098,0.36812904059794965,0.24629794783262013,0.4923659639173309,0.22489038566246877,0.4923659639173309,0.5765999761251577,0.12856486930664499,0.1507556722888818,0.6731864200491093,1,0.7159332697373585,0.1333662673423161,0.1928473039599675,0.2261335084333227,0.3457820374040623,0
59,_add_pair_to_block,0.04219797375808725,0.091172095824767,0.3541115865633056,0.24276575136453202,0.20980390899998025,0.1658645536116593,0.01827141639560195,0.027702753695035432,0.06074312649767892,0.20862068856928048,0.06631905784340493,0.17223508910179727,0.12427711004560905,0.12427711004560905,0.4798625386149725,0.16192326847873842,0.09782157696504742,0.16683192273654265,0.13033109945112054,0.008729713347982069,0.031734402875809906,0.5778697476983118,0.8179834874539348,0.5142612351611276,0.3406346485144887,0.8512809902702309,0.7592592592592593,0.11360550346599911,0.964387445913521,0.96746819948155,0.017459426695964137,0.33115713695317167,0.08024691358024691,0.0419960525565808,0.5311954967063067,0.8018983215538923,0.372466178669683,0.5280257477943894,0.3053908869230324,0.8233085481504878,0.372466178669683,0.47090334489941915,0.7822316505163875,0.008729713347982069,0.7944403381211798,0.6401104524565003,0.8738270830269633,0.770999813945192,0.7597954294744118,0.3984778204385127,0.2884533885451139,0.33500571175200505,0.2171458305915573,0.33500571175200505,0.50709255283711,0.04839070962359169,0.017459426695964137,0.7332788918760863,0.7159332697373585,1,0.09782157696504742,0.10050378152592121,0.1658645536116593,0.28760282805523146,0
60,_ioError,0.76470250785174,0.9095583841963573,0.392791153317254,0.8741838393628372,0.8392543274162825,0.9583727150068314,0.8129996295184362,0.8031411096572623,0.8149422393605468,0.6195224741298931,0.8206901956435887,0.659597339204445,0.9942627179989935,0.9942627179989935,0.36010109406105517,0.884797996620707,1.0000000000000002,0.9429872495113711,0.7941214529198779,0.3686048903872428,0.6491417944387877,0.45911559287475184,0.12095792986574797,0.520317811552303,0.20490870562216618,0.15003722473658027,0.10425720702853739,0.7848693471252227,0.0859566684356314,0.10724362547753995,0.29488391230979427,0.5518806584770286,0.26064301757134345,0.23643312187173018,0.23822691026117873,0.4081062174019957,0.15850910052566478,0.10432878768031269,0.2763187794351024,0.3668011342713361,0.15850910052566478,0.24700002913592356,0.14967250553281572,0.3686048903872428,0.16892570868859016,0.1671022870434828,0.13810933160327046,0.20147391227242692,0.10108671302760142,0.5930904971725819,0.710608227792479,0.3611575592573077,0.8544100289985097,0.3611575592573077,0.47581247937391297,0.597259882788835,0.29488391230979427,0.49824055677091467,0.1333662673423161,0.09782157696504742,1.0000000000000002,0.44008622942335207,0.9583727150068314,0.814709987019283,0
61,_main.cold.2,0.04054727576289458,0.21920320842979865,0.12269844702733018,0.48766065222237814,0.5393598899705937,0.42640143271122083,0.022082043466932856,0.027246413918249963,0.05490994935900957,0.2799462554779272,0.09650218528113046,0.2934695928267111,0.4392976851069794,0.4392976851069794,0.06597171496870105,0.37219368415938836,0.44008622942335207,0.30842367725319353,0.20145574100634506,0.8528028654224417,0.002409984668129136,0.07698264649334345,0.11793586033322535,0.08045233440014883,0.04558423058385518,0.07300656401142919,0.15075567228888181,0.012827474142712321,0.08402916318031355,0.10139455561288663,0.21320071635561041,0.06179938254197222,0.6030226891555273,0.5698028822981898,0.2534820034166135,0.11946931642023415,0.22920378067591687,0.055873769533459273,0.06659271582120269,0.1054037136196742,0.22920378067591687,0.18368303247678808,0.13453513418448465,0.8528028654224417,0.1947945415849601,0.13040322645939742,0.16527373535168177,0.19422053054479066,0.10770505460691616,0.09288947104743442,0.036573379312003,0.6963106238227914,0.09221366058643657,0.6963106238227914,0.30578831486257535,0.36363636363636365,0.21320071635561041,0.2058441870786685,0.1928473039599675,0.10050378152592121,0.44008622942335207,1,0.42640143271122083,0.5334650693692644,0
62,_main.cold.3,0.04054727576289458,0.21920320842979865,0.12269844702733018,0.48766065222237814,0.5393598899705937,0.42640143271122083,0.022082043466932856,0.027246413918249963,0.05490994935900957,0.2799462554779272,0.09650218528113046,0.2934695928267111,0.4392976851069794,0.4392976851069794,0.06597171496870105,0.37219368415938836,0.44008622942335207,0.30842367725319353,0.20145574100634506,0.8528028654224417,0.002409984668129136,0.07698264649334345,0.11793586033322535,0.08045233440014883,0.04558423058385518,0.07300656401142919,0.15075567228888181,0.012827474142712321,0.08402916318031355,0.10139455561288663,0.21320071635561041,0.06179938254197222,0.6030226891555273,0.5698028822981898,0.2534820034166135,0.11946931642023415,0.22920378067591687,0.055873769533459273,0.06659271582120269,0.1054037136196742,0.22920378067591687,0.18368303247678808,0.13453513418448465,0.8528028654224417,0.1947945415849601,0.13040322645939742,0.16527373535168177,0.19422053054479066,0.10770505460691616,0.09288947104743442,0.036573379312003,0.6963106238227914,0.09221366058643657,0.6963106238227914,0.30578831486257535,0.36363636363636365,0.21320071635561041,0.2058441870786685,0.1928473039599675,0.10050378152592121,0.44008622942335207,1,0.42640143271122083,0.5334650693692644,0
63,_BZ2_bz__AssertH__fail,0.6987265532193465,0.9334557717919229,0.49892720513392214,0.8953697823254084,0.9486832980505138,0.9999999999999998,0.7048498850936403,0.7027040606430582,0.7429897615854191,0.722185380728474,0.749295039334484,0.8316320352807863,0.9834151021607785,0.9834151021607785,0.4503381050844577,0.9547032697824666,0.9583727150068314,0.9326990598429291,0.9212884029599914,0.37499999999999994,0.5615961752662828,0.5139142464072872,0.20509414860630643,0.5934022225795657,0.3474396144861517,0.25440049197895315,0.17677669529663687,0.6781075658406609,0.14574662239513503,0.17484655206138844,0.4999999999999999,0.5198662134855092,0.2651650429449553,0.26726124191242434,0.3810692255310577,0.4411711261247332,0.26876525627335834,0.1768980661968237,0.46852128566581813,0.47338187033944756,0.26876525627335834,0.3709450486191646,0.22634617988861522,0.37499999999999994,0.2574221608421234,0.24735657476789685,0.22610073878537096,0.29606688713828,0.17140086116567016,0.6206052821861883,0.6575866930742397,0.40824829046386296,0.7977353422916097,0.40824829046386296,0.6274950199005567,0.6929023281557339,0.4999999999999999,0.5280049792181877,0.2261335084333227,0.1658645536116593,0.9583727150068314,0.42640143271122083,0.9999999999999998,0.912250561499702,0